id,name,krname,lname
d82ebc64-6996-4ef6-81a6-f868424e1950,Bulbasaur,이상해씨,bulbasaur
48de0b6d-0ca0-4beb-a2c3-93f2eb0c4b6e,Ivysaur,이상해풀,ivysaur
ab65a833-c414-4102-8ea3-18d8bc8369e0,Venusaur,이상해꽃,venusaur
519aaa23-c4b4-4a2f-a0af-cc93299143c4,Charmander,파이리,charmander
ec0393f6-3664-4562-ba26-84f36695d6f2,Charmeleon,리자드,charmeleon
082ce7c4-b751-49e8-a349-f4448cebd051,Charizard,리자몽,charizard
cd861eae-8725-4244-bcf8-e0e5381e3265,Squirtle,꼬부기,squirtle
4524ac7f-9d9b-4141-a044-73ac2ef9a474,Wartortle,어니부기,wartortle
18ba6a02-fccf-45fc-8d44-6f2ca39f323b,Blastoise,거북왕,blastoise
74409142-e070-4c3b-87a2-9c0e6f4d01cb,Caterpie,캐터피,caterpie
f1122325-2e49-4453-9e4c-cc741ca4a782,Metapod,단데기,metapod
7e981ed4-3ea2-4405-8a64-cba42c12099b,Butterfree,버터플,butterfree
b4d49411-416e-43a8-a9a1-3f8bd7f9bb47,Weedle,뿔충이,weedle
3e0312fb-7072-491c-8d0b-ef688fb308ab,Kakuna,딱충이,kakuna
c73700fa-3318-4a47-aed8-67080520af87,Beedrill,독침붕,beedrill
cc1be7fc-ccd9-459f-baad-972784631c13,Pidgey,구구,pidgey
b306ab07-65d1-4908-a775-824e8bc30d6d,Pidgeotto,피죤,pidgeotto
0864995a-722f-4465-8942-3cde76eeddf5,Pidgeot,피죤투,pidgeot
a682e0ac-d38d-41e7-b37f-78e93ff3de53,Rattata,꼬렛,rattata
bf6a6628-0aa5-4793-9926-6c2453eca984,Raticate,레트라,raticate
6635e75a-a1ca-48fc-a21c-8f07eae9404d,Spearow,깨비참,spearow
c4938528-8ff5-4424-8d4b-27132820f218,Fearow,깨비드릴조,fearow
19d3fd01-2296-40ee-b9a1-23cdafddf7b1,Ekans,아보,ekans
754f6179-8474-4867-b1cb-63daaf0ed8bc,Arbok,아보크,arbok
4e614e34-d306-4166-beb4-1edb45f8c2ec,Pikachu,피카츄,pikachu
8c7aa860-4076-4592-b886-5157dc65c63c,Raichu,라이츄,raichu
954e057a-b4c7-49aa-82f4-5cafb2ef92f0,Sandshrew,모래두지,sandshrew
13f503a9-bc1b-4651-a077-9a875c48b574,Sandslash,고지,sandslash
5e312ef1-7a9e-43a0-b29d-9aa3cf6125e9,Nidoran♀,니드런♀,nidoran♀
92de5178-f3b7-49d5-9df8-7b378fa97c34,Nidorina,니드리나,nidorina
2fa861c9-364c-4748-b6b7-ae31ac29491a,Nidoqueen,니드퀸,nidoqueen
3fc4521d-0517-4a73-ab91-6a6bd56933ab,Nidoran♂,니드런♂,nidoran♂
40fcfcb3-ef41-4fdb-9875-9a73d27139d9,Nidorino,니드리노,nidorino
2eb1045c-813f-490f-abf3-2ffb3ead8b39,Nidoking,니드킹,nidoking
cb08a4e2-7b9e-461b-90ad-b4b312a3d56d,Clefairy,삐삐,clefairy
6c6c850d-1b4d-4c1d-8625-0eabffda07fb,Clefable,픽시,clefable
f20a6612-a85d-4c62-a6a2-ec1bffdeb151,Vulpix,식스테일,vulpix
783bdcef-5ffd-466f-85a6-2738071910d2,Ninetales,나인테일,ninetales
79e4e805-df69-4852-ad0c-6565239058cf,Jigglypuff,푸린,jigglypuff
16ea00d4-289a-4d59-8f43-7798a90d431a,Wigglytuff,푸크린,wigglytuff
57a8b4af-5a28-4ebe-b916-0127b13b0cfa,Zubat,주뱃,zubat
568ce261-f04d-40f9-b766-086465b457ac,Golbat,골뱃,golbat
a486abd8-ff40-433c-93f1-370e34c90a6a,Oddish,뚜벅쵸,oddish
d61abf40-4e98-4023-a122-7f968b58d032,Gloom,냄새꼬,gloom
70d356e6-162c-461b-99e6-9e17fc166692,Vileplume,라플레시아,vileplume
ec649cbc-20ba-41da-b2f9-c33daa47b9eb,Paras,파라스,paras
afb10a6c-f34c-4e94-acdb-93800b3bad5b,Parasect,파라섹트,parasect
19a5e116-f33f-4c86-a35c-b5d378d0482b,Venonat,콘팡,venonat
003687e6-f622-4b4a-a481-5fe0107fa14f,Venomoth,도나리,venomoth
fe0cce26-4a43-410d-a375-745151d86427,Diglett,디그다,diglett
497c7433-899e-4ba8-9542-c296dcb6fb95,Dugtrio,닥트리오,dugtrio
3455ddd2-d10d-47c4-81e2-655db84655f7,Meowth,나옹,meowth
601850e5-25b9-4458-a308-416c699882ce,Persian,페르시온,persian
7195a5c0-6d21-4db3-9af5-a05bb84c867c,Psyduck,고라파덕,psyduck
e8b352a2-a7c0-4796-bf38-b438d1bdc2e1,Golduck,골덕,golduck
d0bd0456-25c4-4c60-9dbc-c25ef2ec9ab2,Mankey,망키,mankey
d910676a-760f-46fc-8936-37cb80067329,Primeape,성원숭,primeape
b45d669d-229b-4e66-8545-6cf278fa3cae,Growlithe,가디,growlithe
9a4ac4df-87b9-4001-8998-a3660a71bada,Arcanine,윈디,arcanine
5ca35f0d-7730-46ba-95a7-a3ff0f9bdad0,Poliwag,발챙이,poliwag
db99588f-f966-4893-b7d8-5502fb47af35,Poliwhirl,슈륙챙이,poliwhirl
896c7825-901d-4b25-9900-c5117337524d,Poliwrath,강챙이,poliwrath
69355d07-3f33-4e4f-a6eb-616cc02f53e4,Abra,캐이시,abra
2c74b69b-ea8f-4385-a0e6-0a5cd6cf085f,Kadabra,윤겔라,kadabra
0fdf8125-49f4-4fd0-bbfc-a44dc7173f31,Alakazam,후딘,alakazam
fc08bec1-4824-4345-a741-a7515cc6b7c6,Machop,알통몬,machop
979ccf91-1386-43e3-9457-e1197846baf6,Machoke,근육몬,machoke
191616aa-4258-4f03-879f-59a94c4e83b3,Machamp,괴력몬,machamp
1316df67-d57f-46c9-af09-094f5cd64aad,Bellsprout,모다피,bellsprout
91042b87-35c6-405a-bf02-750bef467c28,Weepinbell,우츠동,weepinbell
13332a66-349b-4d61-accd-5f615092bb37,Victreebel,우츠보트,victreebel
63ea523b-c347-4e22-8227-12e5fdee1108,Tentacool,왕눈해,tentacool
9a22c91e-b499-4dd9-981a-dced301227c0,Tentacruel,독파리,tentacruel
aa9ac17d-2852-4084-acc2-04d0bc1cfe67,Geodude,꼬마돌,geodude
68786ca1-9ce6-4b7b-af5b-8f97c447c56e,Graveler,데구리,graveler
75bece15-c882-4a98-9da1-e238a596d30c,Golem,딱구리,golem
4a6de970-5712-4a9b-9235-3e3b902aa383,Ponyta,포니타,ponyta
2b492a55-1a05-48b7-b321-d38ed0c67459,Rapidash,날쌩마,rapidash
dd8d0e30-05dd-497a-8308-1b70d40f167c,Slowpoke,야돈,slowpoke
74d626c7-fe5c-439f-9755-a9aad7aa196b,Slowbro,야도란,slowbro
d2c91f9f-dba6-4790-832d-c5acf77cb62d,Magnemite,코일,magnemite
47e48fe8-ce14-41bd-ab74-5e138f19bb65,Magneton,레어코일,magneton
b6c261ce-c654-41ed-862c-0128d6bdfdf2,Farfetch'd,파오리,farfetchd
8ae5f35e-73f2-43be-bb38-4a7752878e50,Doduo,두두,doduo
768a9f5d-48e2-4838-be1c-1be94715b89d,Dodrio,두트리오,dodrio
d5cceb3a-b063-4698-a963-7d71e5a0d6de,Seel,쥬쥬,seel
6decba43-0c64-4ba0-8cee-160e816a7494,Dewgong,쥬레곤,dewgong
32ad5eb8-6fe4-4880-ba5f-777bf07405f1,Grimer,질퍽이,grimer
7254e923-bdec-4178-a0b3-47ea96df9597,Muk,질뻐기,pyukumuku
6bc69a8f-c06c-4caf-9e3e-32b190bd9b52,Shellder,셀러,shellder
fed8a1a2-29cf-4e56-9db9-83cfe2d5ead1,Cloyster,파르셀,cloyster
b48c1352-971d-4dbb-8416-b7e1c2dfc27f,Gastly,고오스,gastly
01e1aff8-8f76-4e70-a374-3d9e2803be46,Haunter,고우스트,haunter
035f6f68-1ac0-43c0-8fb5-d10cfdc1a58b,Gengar,팬텀,gengar
94300313-10d0-40b9-91e6-4695c5baf575,Onix,롱스톤,onix
e7836a8d-49ee-4cf5-8c71-f19758ad402d,Drowzee,슬리프,drowzee
83fd7dd7-8174-460f-a428-5f6f4f843e19,Hypno,슬리퍼,hypno
0f411925-05f4-41df-b32e-d387bda028d7,Krabby,크랩,krabby
ddb97237-0150-475f-848e-36915069817f,Kingler,킹크랩,kingler
90a55529-ea0b-4785-a513-d64f3ecc0a4a,Voltorb,찌리리공,voltorb
8f62a7ba-d30b-490f-95de-d07926f5b59c,Electrode,붐볼,electrode
87135b9c-bf38-4be4-a3d8-643b7cbcec36,Exeggcute,아라리,exeggcute
4a4abb98-52d7-4eb3-8b52-3b44f76b5f30,Exeggutor,나시,exeggutor
301e557b-b8b7-4851-b745-e3b3142d9af1,Cubone,탕구리,cubone
ec89e08d-f3f9-40bb-8553-9ca99361963a,Marowak,텅구리,marowak
1674d847-d442-4817-abed-92417a5703f7,Hitmonlee,시라소몬,hitmonlee
18d6c69b-c045-4348-bdc2-6201fc7297d6,Hitmonchan,홍수몬,hitmonchan
aa666a78-2bf5-4e39-ad4a-483a793e31c0,Lickitung,내루미,lickitung
f183f0bb-a483-428f-9a0d-f94df37e82f3,Koffing,또가스,koffing
a158b837-8f13-4fd4-a3c8-76f2b5ef33c8,Weezing,또도가스,weezing
ebbb7c2f-1093-4f34-93f4-0b8d9d9e25f1,Rhyhorn,뿔카노,rhyhorn
1a940c5a-6f2a-400a-a649-97d3d3b5a47a,Rhydon,코뿌리,rhydon
fdef4951-dca5-495d-b600-468565e0fa0a,Chansey,럭키,chansey
7cdc27b6-c8ee-4c49-8e89-c11ec452e09c,Tangela,덩쿠리,tangela
22693ba1-e6c3-4371-a196-8162f60f1470,Kangaskhan,캥카,kangaskhan
8a320bb2-d69a-4135-a42e-cb7cfb136142,Horsea,쏘드라,horsea
41200a9e-2634-41f3-a3b7-6c8155c074f1,Seadra,시드라,seadra
aae0440d-c0e8-40b3-aeb7-5c0b4e1846a7,Goldeen,콘치,goldeen
b0d5e2a3-730b-4002-9fc2-4e6e337f3dfb,Seaking,왕콘치,seaking
b9afb1ef-84e0-44e2-a241-1a89a9362e79,Staryu,별가사리,staryu
0f9db660-abdd-4040-850a-235729c3f211,Starmie,아쿠스타,starmie
b930926b-86e7-4f84-829c-183d7d77237d,Mr. Mime,마임맨,mrmime
75f6ebe6-0702-4eb9-be66-c1f9bf1262a0,Scyther,스라크,scyther
d1f4be64-c52d-4639-90f1-63a5a7ea44ed,Jynx,루주라,jynx
83d3574d-8d6b-4a58-9286-769b69b6c777,Electabuzz,에레브,electabuzz
d589954b-d4d8-4cfd-a806-e270df9fe2ee,Magmar,마그마,magmar
d782dc00-26a7-4805-ac2f-e948e46035bf,Pinsir,쁘사이저,pinsir
7563ce20-4b56-4298-b117-76d62303c1c4,Tauros,켄타로스,tauros
0d9a42f7-7983-4407-b612-df5b13f7cd86,Magikarp,잉어킹,magikarp
7d70c1f0-3890-40ff-a470-3537a6895ce2,Gyarados,갸라도스,gyarados
16f077c3-3b93-46ef-a893-4698acdfb951,Lapras,라프라스,lapras
6f396ba3-118d-43de-9b97-f6c1a08866d8,Ditto,메타몽,ditto
fd023dcc-7040-4abd-abb1-9917df236e88,Eevee,이브이,eevee
d5242dc2-52f4-4def-a4d4-32b3b5774777,Vaporeon,샤미드,vaporeon
919ff7d3-33bd-4143-92f8-4e8e3fb3de01,Jolteon,쥬피썬더,jolteon
7f05d451-1585-406f-b65b-4e544fbbecc1,Flareon,부스터,flareon
e06f9574-652d-494d-9fad-fb5ae1b453a7,Porygon,폴리곤,porygon
bb147c75-dc78-49cc-b29e-bc1003f2423c,Omanyte,암나이트,omanyte
61bf55e2-c36c-4945-932b-9cd5cd454b3d,Omastar,암스타,omastar
698862e7-7db9-41a8-9fae-c40996784d2b,Kabuto,투구,kabuto
ad496ce2-e2bb-4877-8511-30f7966b558e,Kabutops,투구푸스,kabutops
43fcdaf5-e820-4a27-b325-c64e1f3f9dfd,Aerodactyl,프테라,aerodactyl
9848a85d-b069-4482-8c32-cab5567399b9,Snorlax,잠만보,snorlax
acd501ef-810d-422a-b7b2-249b331502e8,Articuno,프리져,articuno
f9bd458a-e8e4-41ee-a886-4ee9b6b4c7f9,Zapdos,썬더,zapdos
190fbd09-d065-4b1b-a41a-be93f95dddd4,Moltres,파이어,moltres
a428125d-df6f-4e4e-b276-4b15014bab73,Dratini,미뇽,dratini
9cca9ee4-03aa-485a-889a-65ac43c405f9,Dragonair,신뇽,dragonair
da645c74-97ec-4594-92c9-df1f44c84dcd,Dragonite,망나뇽,dragonite
85679161-1927-4be8-a805-40b9b32d38ad,Mewtwo,뮤츠,mewtwo
d818d86b-e687-498d-9571-c74182e7128a,Mew,뮤,mew
65a753bf-e306-4e27-bd54-dc0a80cce0a3,Chikorita,치코리타,chikorita
49b24432-ea43-4185-82bf-34a53f3460f9,Bayleef,베이리프,bayleef
163ed693-2f45-4537-a330-88c2b60fdca8,Meganium,메가니움,meganium
eaa681e3-2b56-4911-843e-10e0629bcc84,Cyndaquil,브케인,cyndaquil
25bac9b5-5153-4208-be97-2e2aa29fcc86,Quilava,마그케인,quilava
31335866-e50f-457b-bcf8-2a2d69228783,Typhlosion,블레이범,typhlosion
a132d3df-a79a-439d-9db5-f16d7780c8a6,Totodile,리아코,totodile
4a7238a4-30f6-4bf1-ab68-b36e1ed70674,Croconaw,엘리게이,croconaw
a7252404-94b3-4420-9688-aa88cca5b1c2,Feraligatr,장크로다일,feraligatr
6deb6d98-b0a5-4f63-a34a-694c0311c42d,Sentret,꼬리선,sentret
48807683-f22f-46a0-85d2-90f0cb646670,Furret,다꼬리,furret
03e05083-3a7f-48ce-bd51-5285a9e82a09,Hoothoot,부우부,hoothoot
8396ba24-bcee-493b-a252-f2c4ed85396b,Noctowl,야부엉,noctowl
9b27f76b-6b13-4c70-a9e6-b648cb78f246,Ledyba,레디바,ledyba
33f03cea-cfa8-4f3e-9663-609270792416,Ledian,레디안,ledian
6440c013-ee55-4ef3-9d3b-d1efe75d1ead,Spinarak,페이검,spinarak
0d5792da-5b5d-4a00-8658-860097dcc4b4,Ariados,아리아도스,ariados
0b29bd39-67e7-42f6-bb76-67c71559cacf,Crobat,크로뱃,crobat
a1c8dd35-f36e-489b-8827-58af88702102,Chinchou,초라기,chinchou
de270a2f-5b35-47f6-a8c8-4f01dcb47a87,Lanturn,랜턴,lanturn
0b796b9c-77d1-4584-921a-68ed5fd03442,Pichu,피츄,pichu
9edfef34-3f63-48b1-979c-153f867aba14,Cleffa,삐,cleffa
c4999a5f-1ce4-431b-8167-84699145c2f3,Igglybuff,푸푸린,igglybuff
7accb4a0-1cd5-4105-ade8-56bf3caa047e,Togepi,토게피,togepi
6f4b8ab1-6750-46de-b141-2cddec301067,Togetic,토게틱,togetic
699b69ae-4d99-49b9-bd6f-694dd31494c3,Natu,네이티,natu
d6c063a3-9170-4ae9-8797-d2abbe4bfb5c,Xatu,네이티오,xatu
d94ab73a-266b-43b2-a1a0-f433a602c975,Mareep,메리프,mareep
f96822b1-11ec-48e6-8981-82413017d326,Flaaffy,보송송,flaaffy
5732ba87-667c-49bb-ac79-563ec893a9d8,Ampharos,전룡,ampharos
1b24f1b9-0611-4a6e-835f-34b4e304e94d,Bellossom,아르코,bellossom
d132a09f-6308-4108-97fa-bdff0e68d49d,Marill,마릴,marill
394d79d0-36a2-4a6e-b5f4-77449e9ac228,Azumarill,마릴리,azumarill
3ac80741-d1cb-4d2a-b9d2-1780e5f910c2,Sudowoodo,꼬지모,sudowoodo
2e26b58c-d2dd-4171-bdba-15e3a415dde8,Politoed,왕구리,politoed
248868e6-0a1b-451f-be5f-05b4a9c632d0,Hoppip,통통코,hoppip
a8df1223-9073-4cc1-9a55-eca53f512322,Skiploom,두코,skiploom
06f7a05d-22c4-46d2-8724-a9e6028ac886,Jumpluff,솜솜코,jumpluff
93684bd5-a8a0-47a1-b36a-4ce199349837,Aipom,에이팜,aipom
a3ea1a3c-119a-4d04-9200-89ad724aced3,Sunkern,해너츠,sunkern
f8980aa4-2fc3-423b-9b76-d8b192c101ea,Sunflora,해루미,sunflora
620ac5cc-9694-4c27-8550-b88a6a372c78,Yanma,왕자리,yanma
29cbbf5b-ef98-41d9-ba73-c279df5f3dbe,Wooper,우파,wooper
68a71136-bc18-4da0-931a-acea928c45e3,Quagsire,누오,quagsire
f069cd67-95e9-4c2c-8de2-d2cadb392b3c,Espeon,에브이,espeon
1cfd74b2-97aa-4c0f-9ebc-467a4b73e975,Umbreon,블래키,umbreon
ef3d1851-2bce-4dec-9593-d3114158fe4e,Murkrow,니로우,murkrow
1034b87f-3f3c-47ab-8a1f-cc0fc43ac30d,Slowking,야도킹,slowking
7187b168-db89-4bdd-92d6-cc439903fa74,Misdreavus,무우마,misdreavus
e763c2db-a35c-4369-bb64-bf43f0833534,Unown,안농,unown
5ab55906-a507-485a-b4e8-e933b5492ed8,Wobbuffet,마자용,wobbuffet
41bd36d9-5231-4a96-97ed-ca8c30789836,Girafarig,키링키,girafarig
eafcc484-fc5c-4e47-bd54-074c58ce932d,Pineco,피콘,pineco
be2b7dd1-96d8-443d-ab8e-7dc01e7406f4,Forretress,쏘콘,forretress
33f29034-7fa2-4b67-b57a-424984739c56,Dunsparce,노고치,dunsparce
63b477b2-2ff9-4406-8911-a1c5934c2fc5,Gligar,글라이거,gligar
127d87ad-6a7a-4097-90b5-f1aa15cb4237,Steelix,강철톤,steelix
bd4f8853-d410-4756-bd1f-d87dc26f90a3,Snubbull,블루,snubbull
409bc952-98b9-4d79-891f-51ae7499b59b,Granbull,그랑블루,granbull
cfb54927-8824-4e58-8ad5-ad3f76a458ef,Qwilfish,침바루,qwilfish
8dc72649-9a26-437b-bbfd-5b97eb4c3658,Scizor,핫삼,scizor
06957d23-bf94-44b9-b6fc-4e29cace9a02,Shuckle,단단지,shuckle
c2d85fd5-7430-4288-805a-930d8651ea2e,Heracross,헤라크로스,heracross
24873d99-6d0e-4d12-a519-aa281797102e,Sneasel,포푸니,sneasel
d4171b17-0aa3-4806-891a-ddccf9de6f01,Teddiursa,깜지곰,teddiursa
c1566fcc-1fde-451c-a731-95e933d99f8f,Ursaring,링곰,ursaring
c2144480-fc7a-4612-829e-dc8de4b82429,Slugma,마그마그,slugma
2e7ae966-ad8f-4846-9651-fa74d114ab25,Magcargo,마그카르고,magcargo
77260368-b598-4b50-86ad-8f27c4a69112,Swinub,꾸꾸리,swinub
d4c1272b-4e44-49c5-a107-461f4bd26374,Piloswine,메꾸리,piloswine
02deb566-04ba-448f-90e8-20b40c160291,Corsola,코산호,corsola
235ae7fa-6b42-4c06-974d-a65bd4a769b2,Remoraid,총어,remoraid
39373466-e850-47cd-823d-2e746030c9de,Octillery,대포무노,octillery
973e678f-f7fa-497b-badd-028fe10e4885,Delibird,딜리버드,delibird
e991c8a4-f443-4581-871f-de42ec5687b4,Mantine,만타인,mantine
3d16569e-b132-4586-bb6c-fe293718fc5a,Skarmory,무장조,skarmory
5fa165bb-6e0a-454e-85b1-3530f28a9826,Houndour,델빌,houndour
d4acd949-384f-42b1-b54b-c739c96b92b6,Houndoom,헬가,houndoom
8c930338-b827-4d26-84d8-d8664b79c3d6,Kingdra,킹드라,kingdra
e09a2c21-86ac-4c00-a4a2-671dac7d2e31,Phanpy,코코리,phanpy
48fd2f98-23cb-4bef-a595-837322ee9efc,Donphan,코리갑,donphan
835d9a19-57b4-4cf1-b4d1-d9dace1c9737,Porygon2,폴리곤2,porygon2
27dad875-27f7-4f52-9174-69ed42d010bd,Stantler,노라키,stantler
427f6ede-213c-4c77-8d33-4cfe3dfed3de,Smeargle,루브도,smeargle
f3bc9afa-ab6f-4437-94da-bffe9ae2bfe3,Tyrogue,배루키,tyrogue
12ee0e95-a0e6-44f1-9852-3c9c8d8ccbaf,Hitmontop,카포에라,hitmontop
0051208f-7bb9-42b5-be1a-1de993a30c5a,Smoochum,뽀뽀라,smoochum
abf65c4f-6be3-4cd1-88e0-884e922620ad,Elekid,에레키드,elekid
a88f98ef-097f-4cad-a498-d095dc997510,Magby,마그비,magby
b144db06-d309-4534-8473-be5c98b6e924,Miltank,밀탱크,miltank
6f669bb1-dde0-4f6e-bbf9-ba7563691a84,Blissey,해피너스,blissey
52b87258-24f0-46e1-bd3d-40abc2c1d7bc,Raikou,라이코,raikou
88ff61b6-3271-456c-8f6a-20e9941728af,Entei,앤테이,entei
cbad21b6-e4cd-4f02-b8f2-8edb21a9aa0e,Suicune,스이쿤,suicune
f03264a6-adb2-44d8-b069-78f57691dcf3,Larvitar,애버라스,larvitar
63bec07a-f40c-4ab9-9ff4-f29f54302f94,Pupitar,데기라스,pupitar
5d8a795d-a374-4d74-bd69-b4c7437558ea,Tyranitar,마기라스,tyranitar
4943afcb-bac4-40e4-be62-1a11e7c92fa4,Lugia,루기아,lugia
80ab8216-af8f-429f-a0d7-52cba7ce153b,Ho oh,칠색조,hooh
89464725-7ff5-4f2d-a367-75c0990afeb4,Celebi,세레비,celebi
48fd1cab-ac38-461f-805a-e1110aef2c95,Treecko,나무지기,treecko
1b88ce90-f20a-487a-aef1-35e1e4567108,Grovyle,나무돌이,grovyle
03e52d72-9cdc-4b0c-9dcb-9cb610796bde,Sceptile,나무킹,sceptile
339634a2-787a-4581-8082-e41c952f9d6c,Torchic,아차모,torchic
0e156c5b-3d78-471d-ad70-f4896e411c05,Combusken,영치코,combusken
044d12e0-644d-42b2-9a15-6ae194e90ea4,Blaziken,번치코,blaziken
ddca2777-e160-4efb-94be-1d2b49cc8637,Mudkip,물짱이,mudkip
9fdc0d78-1e6c-48a2-881a-54202fcb9bd7,Marshtomp,늪짱이,marshtomp
faf051ac-1283-49cc-b960-630ce26b328e,Swampert,대짱이,swampert
98cf1073-7156-4e32-8e6d-0d2a851fa7a0,Poochyena,포챠나,poochyena
323f75a5-cf3d-4346-b270-a34d9cbac422,Mightyena,그라에나,mightyena
4670f706-2bf4-4598-bf1c-69ffc8d4fc98,Zigzagoon,지그제구리,zigzagoon
c3edc27a-7f3a-4ffd-af94-c404614157f3,Linoone,직구리,linoone
7dbaeb7e-9069-4c36-9a13-ddb0aad0edf1,Wurmple,개무소,wurmple
6a5c9e1c-7565-4a56-96c1-8cc64b8b3860,Silcoon,실쿤,silcoon
12c5eb21-1eef-4286-a94b-f28a039b26ae,Beautifly,뷰티플라이,beautifly
8f0dcb85-2f7a-4265-bc0f-a856c033b54d,Cascoon,카스쿤,cascoon
c824d900-f48b-441e-a6b1-e72b4ca38024,Dustox,독케일,dustox
d7d701b6-280d-4a96-91f8-93d1cf1e1a2a,Lotad,연꽃몬,lotad
8de58084-bb6e-4b9b-95aa-a233a92f56a5,Lombre,로토스,lombre
5d269b77-628b-44d7-9dc1-cc2e9899ffbd,Ludicolo,로파파,ludicolo
a2b89302-d15e-4695-8d31-df78591371ec,Seedot,도토링,seedot
ce93d9c5-7f4e-4204-94c3-82a91ded006c,Nuzleaf,잎새코,nuzleaf
c9e80eb9-5851-483e-ac9c-da34127732a6,Shiftry,다탱구,shiftry
08ac3de3-25b5-46cf-b5ca-91f1857e98be,Taillow,테일로,taillow
9dc9ed6d-e2a4-4826-80bc-d95e8bf24eb0,Swellow,스왈로,swellow
9e3e49d4-1cec-4991-99e2-b16d380c3bde,Wingull,갈모매,wingull
4a543d0a-0e98-4638-a876-9cc2c995b28e,Pelipper,패리퍼,pelipper
6fe4c700-6853-4c35-872f-8f34f8e1c58a,Ralts,랄토스,ralts
96eedcd5-65ca-4718-8b64-e1ca5aabef11,Kirlia,킬리아,kirlia
b9d59879-c278-45d4-b43c-d9c196bd157d,Gardevoir,가디안,gardevoir
fb5d4d25-6623-420b-ab80-d6a5410309ef,Surskit,비구술,surskit
0154d0f2-55e2-4a34-89d2-5784cf991589,Masquerain,비나방,masquerain
bd1c022c-3ffd-47d1-a744-f4c69cd229f6,Shroomish,버섯꼬,shroomish
8f3ae6fc-4e6b-4d03-b355-3c667145c0fd,Breloom,버섯모,breloom
544f4733-01f6-4499-8496-59a7b5cd8261,Slakoth,게을로,slakoth
643566a8-bd72-4c2c-bdc8-3a4655d72fdc,Vigoroth,발바로,vigoroth
0798d2e9-40fa-4b5e-8951-9e49247d9a44,Slaking,게을킹,slaking
407a4be6-9957-4b98-bd2b-dbba73cc7134,Nincada,토중몬,nincada
564b711f-930d-4490-8ac3-294bfaecab33,Ninjask,아이스크,ninjask
44730994-9123-48f0-b13c-1a64db06efb1,Shedinja,껍질몬,shedinja
554b93ef-650a-49b4-9013-10b348dd5f62,Whismur,소곤룡,whismur
81ced05d-5371-4302-9b65-650e15b32a4c,Loudred,노공룡,loudred
7a9a13ff-8b36-4578-a3d8-756c51f75eaf,Exploud,폭음룡,exploud
2769fbb2-c7ae-4f77-b185-69aed7b1a5be,Makuhita,마크탕,makuhita
0bef9564-5029-4952-a9d2-809f59b0ff2a,Hariyama,하리뭉,hariyama
0fa65368-0230-4b60-b5cd-4fa703b102a7,Azurill,루리리,azurill
7048f544-4aca-484b-98b9-f7cfccb2e5fc,Nosepass,코코파스,nosepass
d1cf024a-4afc-4eb8-b66b-f21a134f265d,Skitty,에나비,skitty
fa1e7080-2f68-4dab-9711-fdf25d3518ae,Delcatty,델케티,delcatty
bf774dd9-0d16-440c-badf-875b440cf9f7,Sableye,깜까미,sableye
658162b0-6ce7-47c7-a33d-69403c149229,Mawile,입치트,mawile
884cfed4-de26-4be4-b162-686ecca3a1e1,Aron,가보리,aron
1407da80-9c15-40db-bb42-57a0e35ff7ec,Lairon,갱도라,lairon
b7eebff1-ec6f-4e9e-ab2c-ae1dba99d191,Aggron,보스로라,aggron
38bdb4be-d203-46d5-b27e-885f4a5a3e83,Meditite,요가랑,meditite
39850a20-cb0f-43a4-8a16-6e858ecfb2e1,Medicham,요가램,medicham
9b19a699-1ddd-40f3-b237-155f4a8b4194,Electrike,썬더라이,electrike
070d2228-cfa6-47bb-b6a4-49deadce6a9f,Manectric,썬더볼트,manectric
d6a508e8-0ff7-4a4b-8888-43a6846187fb,Plusle,플러시,plusle
4d68d532-9da6-491f-a489-188f1208ad75,Minun,마이농,minun
50288adb-0967-464e-be5a-d0cff559eccf,Volbeat,볼비트,volbeat
7f5764b4-bb09-476e-8e1a-233950100f71,Illumise,네오비트,illumise
e1edbb9a-c988-46f5-9168-20ed8621a417,Roselia,로젤리아,roselia
cb377233-c160-4e21-bdd9-52e0a6354b49,Gulpin,꼴깍몬,gulpin
1f692f4b-212a-4a9a-ad17-ae4e9fdb09e2,Swalot,꿀꺽몬,swalot
8dfe9060-b4b7-4ea6-bf33-8976a99962d6,Carvanha,샤프니아,carvanha
1723f216-0e5d-4175-b332-0305883d42ca,Sharpedo,샤크니아,sharpedo
82cedd3b-2183-4a7b-9b38-96439f161a34,Wailmer,고래왕자,wailmer
cbdd646a-363d-4e6d-8e50-46b4b2e57bc2,Wailord,고래왕,wailord
9e173a8e-e182-4ade-991e-833f6118f3a8,Numel,둔타,numel
254004d2-8863-4c34-b331-be30735eca38,Camerupt,폭타,camerupt
916eb95d-ff1d-4027-a769-4f1383af1e89,Torkoal,코터스,torkoal
93632a8e-02f5-4b30-96f4-377bd1a764e9,Spoink,피그점프,spoink
52000c45-bb2d-4777-aa8f-91fc3f71698c,Grumpig,피그킹,grumpig
2475861d-c5f1-41b5-9f45-40c60ab4866b,Spinda,얼루기,spinda
0ff84a94-7622-4ca6-a9ee-7ad854048fcc,Trapinch,톱치,trapinch
82a4202d-1e59-4857-aaee-725fb220ad51,Vibrava,비브라바,vibrava
f1275c25-7dfd-43af-b6a4-05eb584317f7,Flygon,플라이곤,flygon
67767d57-09bc-45a9-b229-8727faf2710e,Cacnea,선인왕,cacnea
d4b40c73-e0c2-4dba-b6b1-185e179cc0d0,Cacturne,밤선인,cacturne
0ddaa4d4-4d41-4036-b7c9-d949e960b34b,Swablu,파비코,swablu
be143177-a44e-4b62-b4a2-55759c9da570,Altaria,파비코리,altaria
b0f8b70b-d3fa-4c11-8656-fae060e8659e,Zangoose,쟝고,zangoose
f30e799e-ce76-4150-b9e6-3cd46810be96,Seviper,세비퍼,seviper
fe34bf1b-c2f1-49d3-a8ce-1d9a1b39388b,Lunatone,루나톤,lunatone
6bc95d3d-41a4-42c9-af8c-a89c107f401f,Solrock,솔록,solrock
f5f8c6c3-ec18-4d6d-ac8d-045adc5eecc2,Barboach,미꾸리,barboach
0e0818ae-7a8d-46be-ae72-bfcde1a56e77,Whiscash,메깅,whiscash
f73749f4-1d0e-47b3-8cb9-58daef2e1c85,Corphish,가재군,corphish
869a31ee-7631-4285-b8b9-3a8569af23e2,Crawdaunt,가재장군,crawdaunt
1dffb270-c4ea-405a-9a81-2a87b92e71af,Baltoy,오뚝군,baltoy
87e5e67e-7903-43c8-9f61-d365fb3066d5,Claydol,점토도리,claydol
76e14a9d-0eee-49dc-baf7-5b9eedc412a0,Lileep,릴링,lileep
b4b92c2e-c003-49b1-92d4-10155080029d,Cradily,릴리요,cradily
e904f9f6-b5bc-4060-a274-aec1fa323b20,Anorith,아노딥스,anorith
7cfc976f-2c5e-4e42-b220-7474fa4154c1,Armaldo,아말도,armaldo
5b03d470-1cb2-4deb-98d0-ecceece7d99f,Feebas,빈티나,feebas
856b4499-0cf4-475f-aa37-01870db8b4aa,Milotic,밀로틱,milotic
6ddb89d2-6ca7-4b37-9d05-bea71faf1d52,Castform,캐스퐁,castform
c7981132-d05d-4951-bebe-7190dc313e15,Kecleon,켈리몬,kecleon
cb43a488-e59f-4b5c-9c4d-78923cf3bbc1,Shuppet,어둠대신,shuppet
7715f725-7699-42f7-931d-e31352c2acdb,Banette,다크펫,banette
1f82ff40-5317-40d9-ba4d-02541111edcd,Duskull,해골몽,duskull
c70a9403-4a9c-43e1-a936-7231c7cc8b0c,Dusclops,미라몽,dusclops
c18cc972-4fb7-42ff-b46d-d0db806fe191,Tropius,트로피우스,tropius
7a90f1c5-9c9d-45c5-82ae-28ba62f7b27e,Chimecho,치렁,chimecho
d44e254d-3646-44ff-a45f-34fadbd856c2,Absol,앱솔,absol
119c9253-7cdb-40ff-a94c-70b5396ad89f,Wynaut,마자,wynaut
2211151d-59c5-4e7c-9dba-5f8f6352b51c,Snorunt,눈꼬마,snorunt
72d31a0a-8000-46bf-8d21-24b5e0d8e192,Glalie,얼음귀신,glalie
c029107e-33bc-4ca5-83f3-9dfb6e2d16dd,Spheal,대굴레오,spheal
8933ee8e-e697-4124-aa8e-ee3c5dac5aa6,Sealeo,씨레오,sealeo
ebc5f924-96a3-4a7e-bd69-10052e4d87e5,Walrein,씨카이저,walrein
96806060-446a-47bb-a847-a85fc53976dd,Clamperl,진주몽,clamperl
45abacc4-72c4-4bd4-b474-d314abdd952e,Huntail,헌테일,huntail
0de48e8c-57da-47ce-9db8-12adf5678c12,Gorebyss,분홍장이,gorebyss
93a29ff0-f362-4043-be63-7b1a0434619b,Relicanth,시라칸,relicanth
4b3c00e8-3a31-4fa2-92c6-dd8578db0ebf,Luvdisc,사랑동이,luvdisc
8035b99e-ae51-45a2-9f10-ebd161755505,Bagon,아공이,bagon
428d2b24-d104-4a95-b989-ffc5d13d5a11,Shelgon,쉘곤,shelgon
1f06a97c-41b3-4fb2-8abf-5298b6d1485c,Salamence,보만다,salamence
c7fcae61-be5e-4524-9f77-5ea1933cbc06,Beldum,메탕,beldum
adabee78-172f-4b40-beaa-c6791cf0eb50,Metang,메탕구,metang
0fd2c688-1568-4d8c-9947-294f7df63134,Metagross,메타그로스,metagross
e7fb4483-f5ab-4f13-9a87-e3c998a3b682,Regirock,레지락,regirock
ac575dbe-22fb-42d1-8ad2-d742336743b0,Regice,레지아이스,regice
1ad9215d-42e9-4d1e-ab4e-58be21565f2b,Registeel,레지스틸,registeel
2ba81068-4f6d-4691-b576-19302e6fbf11,Latias,라티아스,latias
5b8680fd-96eb-473e-9335-9feb2dbb5078,Latios,라티오스,latios
65256658-27ae-492d-817a-29d9aa9820d9,Kyogre,가이오가,kyogre
e0b93379-d18c-4036-86fb-909411e2f79a,Groudon,그란돈,groudon
92370b91-349b-46f4-ac50-aac3564fe2f3,Rayquaza,레쿠쟈,rayquaza
5c41b465-32d5-461b-bf08-dafb597d9478,Jirachi,지라치,jirachi
4957e435-c39a-4e82-bc94-1a9565a1a9a6,Deoxys,테오키스,deoxys
5cc8316a-405a-47eb-a541-f87970aa68d7,Turtwig,모부기,turtwig
e3403430-3236-44c3-8dfa-0b30deb95fd0,Grotle,수풀부기,grotle
4c06a156-3f2e-4286-bef4-f5d43c2da0ae,Torterra,토대부기,torterra
9bb43a70-cde1-49f5-b330-ea988c7715ae,Chimchar,불꽃숭이,chimchar
10d92fb7-0523-4f28-9b3f-0f001055bf37,Monferno,파이숭이,monferno
a432f14c-6dda-4c0d-a80f-632db9479964,Infernape,초염몽,infernape
25b03ffe-09de-44b7-b043-4e94fbfd766f,Piplup,팽도리,piplup
6490ab2a-9644-4313-a84d-98e38ceb3903,Prinplup,팽태자,prinplup
2ab9bebe-3a1f-4bb8-9006-1ab7bdd9be30,Empoleon,엠페르트,empoleon
f941764d-d4bf-4c66-a6be-4bbd70744cfd,Starly,찌르꼬,starly
ff5aecf1-213d-4169-8be1-7b6c97f5e0f8,Staravia,찌르버드,staravia
a84c53d2-9c81-4881-bc49-3ca733455613,Staraptor,찌르호크,staraptor
f4ddf005-1b94-48df-90bc-3fb209ece59a,Bidoof,비버니,bidoof
03791534-87fa-4214-9a67-9944316b9389,Bibarel,비버통,bibarel
7c6b3653-6121-4708-bf20-35b834eeb504,Kricketot,귀뚤뚜기,kricketot
647cf1a3-7c6b-499a-83c2-4de68ddf8c3a,Kricketune,귀뚤톡크,kricketune
075a9323-3308-4373-bbc6-9d31352aa5f4,Shinx,꼬링크,shinx
bcb687be-1dc0-4f43-94ed-b829a96de054,Luxio,럭시오,luxio
c3ea6959-9d65-4e04-bb94-ebec0c837ccc,Luxray,렌트라,luxray
8ebfbc7c-ecc1-43d0-9ab4-8493f0eccf01,Budew,꼬몽울,budew
79de5da7-7e1e-4d68-b486-6930d6b2c2a7,Roserade,로즈레이드,roserade
8af1bfc4-8d7f-4409-a706-52e1585e4c04,Cranidos,두개도스,cranidos
d15cb3e3-12e9-4dd4-b797-0da1c3253b8e,Rampardos,램펄드,rampardos
e9df87ec-b847-4db4-aada-ca91428d0afb,Shieldon,방패톱스,shieldon
77f925d8-e956-4cb4-937e-584774c9435d,Bastiodon,바리톱스,bastiodon
31efa108-fb79-4204-b629-d7331c40289c,Burmy,도롱충이,burmy
dcd59da0-ad4b-4a00-b0af-aa4b01155973,Wormadam,도롱마담,wormadam
0b5f847b-36ec-47c8-840d-5b2b87388877,Combee,나메일,combee
71ac1f98-54ba-4120-a891-c7e1c49848ec,Mothim,세꿀버리,mothim
81b29cc8-37d7-4a89-aa7a-838510739624,Vespiquen,비퀸,vespiquen
99ca2217-a082-4cd6-81b7-87fb08d4288b,Pachirisu,파치리스,pachirisu
7d98cf99-3dc7-44d8-bbb8-e0add58c0d95,Buizel,브이젤,buizel
6ceadb2a-b915-4b0a-8269-b795e88b00bd,Floatzel,플로젤,floatzel
04367594-0c18-45bf-8420-949fb245e4a5,Cherubi,체리버,cherubi
23c0a1f0-57b1-486b-8d5a-f393db9586dc,Cherrim,체리꼬,cherrim
5a66a0b6-cbc2-4ced-924f-b3ef43fd2a3b,Shellos,깝질무,shellos
b7c1eda4-1599-45b5-8486-413fe6d283db,Gastrodon,트리토돈,gastrodon
7da0b842-7c82-456b-851c-0ff7252fddf5,Ambipom,겟핸보숭,ambipom
8a3aec13-786e-4130-8816-02391456c247,Drifloon,흔들풍손,drifloon
9fec7f0a-5545-4ae1-a532-f38446561ab4,Drifblim,둥실라이드,drifblim
2e082209-1e0f-496e-ac55-123734b672b4,Buneary,이어롤,buneary
87e0103a-58b2-4c4e-88b9-5f15f9a7bbae,Lopunny,이어롭,lopunny
ff3afe1a-fd1e-4f98-a6da-afdc8c779a7b,Mismagius,무우마직,mismagius
3603bb82-d66b-45f8-9526-9d1c2ecb0eb7,Honchkrow,돈크로우,honchkrow
63a09f66-b64f-41ef-b65c-05a23304960a,Glameow,나옹마,glameow
9ea73cef-809e-4a92-ba91-479e2fa137d5,Purugly,몬냥이,purugly
56a7612e-a559-474c-8924-6bc6ac2b868a,Chingling,랑딸랑,chingling
d7ecd2d9-1f69-4106-b89d-d5662832da14,Stunky,스컹뿡,stunky
98f52224-99df-4fc0-8e61-ffd2a6767a8f,Skuntank,스컹탱크,skuntank
a5b1ec3f-8ee5-4504-95a8-62c0c444191e,Bronzor,동미러,bronzor
21e8e783-4681-4758-ac64-8359cc7c6405,Bronzong,동탁군,bronzong
bd8b7772-1ac0-493e-8d5b-65915785337b,Bonsly,꼬지지,bonsly
a8d4b872-1a02-4c07-bf6d-3d30bd68794f,Mime Jr.,흉내내,mimejr
cfcc4986-3929-47f0-aac8-5f4331c6d989,Happiny,핑복,happiny
cae8ad60-7f0e-4ad8-8852-fa023f0b48f5,Chatot,페라페,chatot
c5256d4c-7679-4457-af1f-c70fb1d8a90f,Spiritomb,화강돌,spiritomb
9f6394ac-3462-406f-86f2-5009d32ed536,Gible,딥상어동,gible
4286a808-e0a7-4a80-8896-c183328397c0,Gabite,한바이트,gabite
a9facc74-13d5-41bb-a628-b546a505f410,Garchomp,한카리아스,garchomp
698fdfc3-0722-478a-8842-e5442330362f,Munchlax,먹고자,munchlax
35e49dd8-1f1d-4657-b28d-0bea6a05cb26,Riolu,리오르,riolu
9be6487e-ed08-4d9e-9411-b6bcf2886e27,Lucario,루카리오,lucario
baccf5ab-1312-44e9-96f2-61c44618e7f2,Hippopotas,히포포타스,hippopotas
d30fe141-b70f-4326-8724-4df17b8d4f84,Hippowdon,하마돈,hippowdon
7bbc7d96-c4c6-457a-88f8-a835561ef42f,Skorupi,스콜피,skorupi
d7c37cd8-de25-4971-92a9-22e1cd86e56d,Drapion,드래피온,drapion
271f66d9-f66a-4e55-834f-df8160144980,Croagunk,삐딱구리,croagunk
b8132de9-690b-4d1e-a088-a46b77d608ac,Toxicroak,독개굴,toxicroak
e75dff7c-ed52-43db-864d-2aa111a73dde,Carnivine,무스틈니,carnivine
67b193a6-14a7-4c32-9ce4-add33a27f9b2,Finneon,형광어,finneon
9d1c2228-bee2-49cb-a72e-e850af9dd248,Lumineon,네오라이트,lumineon
55de0a8f-dcbf-477e-8f05-351d3d1fcd69,Mantyke,타만타,mantyke
14918173-c00c-41c9-8a0b-ba662d8c63f3,Snover,눈쓰개,snover
b6974343-5f00-4fd5-8c6a-5bfc9bdeff92,Abomasnow,눈설왕,abomasnow
660547f2-266e-4618-8618-a5e808716dbd,Weavile,포푸니라,weavile
de79e82f-ccca-4840-9902-ef65d0982741,Magnezone,자포코일,magnezone
09f78c8a-a2ce-44b9-899c-87fef070b557,Lickilicky,내룸벨트,lickilicky
36b167d8-c63a-440f-ad6a-df4117e0a7fc,Rhyperior,거대코뿌리,rhyperior
71dee4ad-9a48-4f3b-a2bf-e06d4450d7c8,Tangrowth,덩쿠림보,tangrowth
aae5e271-6a09-4a88-add5-f07d9832044b,Electivire,에레키블,electivire
a964a0bb-39b3-4b9e-8f39-2b432a807e6f,Magmortar,마그마번,magmortar
5a23d41c-95c9-42a7-8f6e-76fd84ecd303,Togekiss,토게키스,togekiss
09e3c330-a3d6-4c7b-aa44-7bd1ff5701a0,Yanmega,메가자리,yanmega
55165a75-082c-4898-84d0-f7d0969da2d3,Leafeon,리피아,leafeon
b8f33392-29eb-45e9-bf9a-376e3d649d93,Glaceon,글레이시아,glaceon
2da2997e-a584-4899-9a84-cb5e540ee316,Gliscor,글라이온,gliscor
b21fb0b5-7e69-4955-962c-100118570f9e,Mamoswine,맘모꾸리,mamoswine
af50b28d-771e-463d-a2d3-bcc2f73a937e,Porygon Z,폴리곤Z,porygonz
03513237-11a3-4cc9-9f36-94fa925d2585,Gallade,엘레이드,gallade
18448b3c-70e3-4528-83fa-879bf30c9784,Probopass,대코파스,probopass
859cb57b-9dbb-4697-826b-24ced30c0f25,Dusknoir,야느와르몽,dusknoir
c6b86d0d-839d-4258-b543-e3084b89a351,Froslass,눈여아,froslass
bf594ee5-76aa-46c9-840a-2014ed08341d,Rotom,로토무,rotom
ef92cad1-eaef-4a79-b5ea-6e7e8a562fac,Uxie,유크시,uxie
23b3673a-5096-4e99-8601-82fd576efbff,Mesprit,엠라이트,mesprit
722cb5f1-7e98-46f3-b64c-da4bd9e36ea7,Azelf,아그놈,azelf
f5e65083-8a33-4c63-a645-e5b8492c2c16,Dialga,디아루가,dialga
d1496485-16c3-4cd5-b1f5-df5a42ed1c5d,Palkia,펄기아,palkia
fe931f75-2061-46d3-910e-d62c692959de,Heatran,히드런,heatran
a2d9e209-a27b-4a9c-b184-24feee467c6a,Regigigas,레지기가스,regigigas
46f1bc59-ceb6-4185-89aa-53b0ecb1f166,Giratina,기라티나,giratina
3a3b712a-1149-41f5-8606-c2f700b92bcb,Cresselia,크레세리아,cresselia
562140a8-ec5e-42e3-81f1-1dbcc0957233,Phione,피오네,phione
2d0f4667-0f84-4874-8cd0-24e067b7bdaa,Manaphy,마나피,manaphy
67428512-4710-4ecf-8d1e-78a4d98ae24f,Darkrai,다크라이,darkrai
423375ae-fe40-4d4b-9a4f-544b2b1c1c57,Shaymin,쉐이미,shaymin
9f04f19c-e1c9-4f4f-be63-4bb454889512,Arceus,아르세우스,arceus
2bb514ff-146c-48a5-aacd-19404539786d,Victini,비크티니,victini
0694abe6-564b-47f5-b1c6-70d3334de140,Snivy,주리비얀,snivy
0e5a66e3-0b67-43bf-ba25-c2a791c74d47,Servine,샤비,servine
1eedc1cb-e1b0-4479-b07f-9e01464957ac,Serperior,샤로다,serperior
eae6581a-2ac2-4547-ada6-6b625187ceb4,Tepig,뚜꾸리,tepig
5d362926-dda6-49a7-946a-7b0c54af2706,Pignite,차오꿀,pignite
2973fa4f-3f62-4a59-a687-e2bfc6fdbe87,Emboar,염무왕,emboar
cc96b739-c849-455c-b0ac-ebb6b2a964ac,Oshawott,수댕이,oshawott
f39c5af2-63e3-4d38-a8ba-3f8d980c629e,Dewott,쌍검자비,dewott
6f6d2c56-a5eb-4f21-ae56-dd2a7d12cbc1,Samurott,대검귀,samurott
79cc0373-be92-4e2d-bfb8-705a5ffafecf,Patrat,보르쥐,patrat
adab56a3-85fe-4bf5-9c70-a6e4351754a9,Watchog,보르그,watchog
a03ff829-9ea3-4069-adbc-f687fc7d9715,Lillipup,요테리,lillipup
fdde9d79-6844-4694-80a5-3e9f2be594ea,Herdier,하데리어,herdier
e7389cc0-a2c4-4724-8a14-49ffba3467e4,Stoutland,바랜드,stoutland
21d24293-8020-4e3d-b90a-16c6fefa418c,Purrloin,쌔비냥,purrloin
dbc84dd0-2949-4a6d-bbd3-3e980b1281fd,Liepard,레파르다스,liepard
e6a6133e-edef-4e28-ac78-211d54378fbc,Pansage,야나프,pansage
29a89d9b-b92c-4703-9145-9dc01a6fcc00,Simisage,야나키,simisage
a9270fe3-af45-448f-87d4-d860c87c7cd3,Pansear,바오프,pansear
524a315f-4207-4af7-a533-a888a02afefd,Simisear,바오키,simisear
21397429-9ac8-43fa-be79-a8e3c916add6,Panpour,앗차프,panpour
f7e0505c-0294-4ca7-98cc-d2741c3c3e75,Simipour,앗차키,simipour
3a837de7-3a14-40b0-947c-f4e6305abab0,Munna,몽나,munna
67c76af3-3efa-4b5d-b8bc-e3e2e1a66a0c,Musharna,몽얌나,musharna
92c9d359-a7e0-41b5-bc9c-b2577d73446e,Pidove,콩둘기,pidove
9b7cce58-6876-4714-ad39-1bb1e07fbe94,Tranquill,유토브,tranquill
94610604-357e-4701-8294-71d519ca61b8,Unfezant,켄호로우,unfezant
71585122-1489-4397-9d5e-3274fafd0d91,Blitzle,줄뮤마,blitzle
923279a6-3aa0-4a3e-af5a-927324b478ac,Zebstrika,제브라이카,zebstrika
6ac44866-1077-4177-a8c5-d03afb4a2c40,Roggenrola,단굴,roggenrola
2bb204fb-4e0c-4807-83d2-8134e62c29fc,Boldore,암트르,boldore
29ccb56a-e03e-434e-afd8-2dd58cf2e078,Gigalith,기가이어스,gigalith
4a400be0-49d6-42d2-b6a4-d2f8d100af31,Woobat,또르박쥐,woobat
829232db-6157-4147-b71f-0d71e2f52484,Swoobat,맘박쥐,swoobat
52c78702-dd52-4809-aefd-678e35da9e04,Drilbur,두더류,drilbur
a4fd44f2-714a-495d-a087-6f7d0a0dfee2,Excadrill,몰드류,excadrill
794b4fb2-4167-4932-9762-18b541e8187f,Audino,다부니,audino
67fa51db-3fa6-463e-af9a-9404cf6d11a5,Timburr,으랏차,timburr
cd392963-5ac2-4147-8160-3739decc3cc7,Gurdurr,토쇠골,gurdurr
4e222224-8ff8-4976-982f-0e7eb6d3b32b,Conkeldurr,노보청,conkeldurr
67f51464-8082-48ee-976a-33ac78ded2fc,Tympole,동챙이,tympole
d97b96fa-eca8-43dc-9814-77a1a3e53fda,Palpitoad,두까비,palpitoad
e6aff81d-74f0-470e-8712-cfb83bb80e3c,Seismitoad,두빅굴,seismitoad
0c2a3e9c-9357-427c-aa12-d55f0e4d3e57,Throh,던지미,throh
89d3ea75-0bd8-4aea-be4b-043706c2c8b4,Sawk,타격귀,sawk
de47122a-5f99-4132-bcfb-9ba49c074668,Sewaddle,두르보,sewaddle
439ab971-263f-466e-9dc2-91673abb5d9d,Swadloon,두르쿤,swadloon
2bcee805-f5c2-489c-923a-2f7bbdf695b2,Leavanny,모아머,leavanny
00f68cd0-fd5f-4712-a46f-0fde916f1fec,Venipede,마디네,venipede
cdc8103c-056e-41ae-bfba-e0bbdf8aaabe,Whirlipede,휠구,whirlipede
8aa2668d-c452-4b1b-ab5a-181983bd1ff0,Scolipede,펜드라,scolipede
cced19a5-a9ea-4055-a7f2-6466e80157dd,Cottonee,소미안,cottonee
d9c4593a-f62e-4f34-867a-d49a33fe2a43,Whimsicott,엘풍,whimsicott
38e8e917-8173-413b-9594-387856ab8db5,Petilil,치릴리,petilil
4423c83a-495d-4c65-bda3-ca66b25c9408,Lilligant,드레디어,lilligant
55743317-7563-46a7-ba26-02875f857f90,Basculin,배쓰나이-적색근,basculin
bf69a18e-c91a-4188-af60-b1e0e02b2162,Sandile,깜눈크,sandile
b89464e7-a0e5-4282-abc3-0eaefd854828,Krokorok,악비르,krokorok
ab86c12e-ab25-451f-bf71-bb3d5f2930ca,Krookodile,악비아르,krookodile
f5962b34-4343-483d-a472-9ad48bc0a1cd,Darumaka,달막화,darumaka
064f8654-1bfe-4baf-baa1-3ef8428419ae,Darmanitan,불비달마-노말모드,darmanitan
6d5f5a00-3fc4-4dc4-ab86-da085f270a6f,Maractus,마라카치,maractus
fd8d8911-0eee-4dd2-a55d-fb1c2ada1d9e,Dwebble,돌살이,dwebble
ae024e4c-4692-450a-a688-bb7d6a5a63a7,Crustle,암팰리스,crustle
1b2644e2-4392-4db7-b097-eb1896582578,Scraggy,곤율랭,scraggy
43454c3c-3c43-4616-a9fe-a825e315eb97,Scrafty,곤율거니,scrafty
fbf26016-ac91-4daa-97cd-8409d0d323c2,Sigilyph,심보러,sigilyph
1768c5bd-8a3d-4b1c-baef-5fdc9841c859,Yamask,데스마스,yamask
a2e2f5bb-0047-4143-affc-3208eea240b0,Cofagrigus,데스니칸,cofagrigus
b342c7f0-52af-47b9-9d26-bc2c7db4c1a3,Tirtouga,프로토가,tirtouga
74872125-220f-4192-9cc7-f5459204a62c,Carracosta,늑골라,carracosta
9422ac9c-96ac-479d-9586-a1bbd0b73f06,Archen,아켄,archen
71d21f07-ec59-4cb5-8e97-0875906febb2,Archeops,아케오스,archeops
96f2846e-7f52-492c-bfd5-c4168f8ae7a9,Trubbish,깨봉이,trubbish
cfd81f51-4baf-4b34-862e-edcf3376ff5c,Garbodor,더스트나,garbodor
7d96187c-1e89-48cb-bc40-80638ee57f4e,Zorua,조로아,zorua
5b7cb7fe-11fa-45b2-bac2-f0006af1f12d,Zoroark,조로아크,zoroark
a0f0407a-cc72-4185-bd14-29cfd371eeb6,Minccino,치라미,minccino
af15124e-18ff-4224-ae45-a54bb09ba490,Cinccino,치라치노,cinccino
3efc9f36-7efc-413f-9067-eee3211d5902,Gothita,고디탱,gothita
17ff3d6a-b28c-4427-ae69-8fadb1064e67,Gothorita,고디보미,gothorita
b2f07298-4975-4028-9bb3-56028993f0ff,Gothitelle,고디모아젤,gothitelle
dba019ea-aaf0-425e-873f-54387468fa1e,Solosis,유니란,solosis
e2344810-be2a-4b4d-986b-535ca7ad999f,Duosion,듀란,duosion
22a92e7f-d01e-4f7a-b679-b1366760f1f1,Reuniclus,란쿨루스,reuniclus
4b00e785-5e4e-4549-9be5-bee2e78dee3e,Ducklett,꼬지보리,ducklett
ac6c09a6-8d7c-4049-beff-74b4ea877f66,Swanna,스완나,swanna
252ef91c-c3cb-4640-8389-399ecff9eba2,Vanillite,바닐프티,vanillite
f5fa0472-0cfe-4c80-be26-3d6283880b9d,Vanillish,바닐리치,vanillish
e6992c3b-7f9a-4dea-942b-1e97e6fcf885,Vanilluxe,배바닐라,vanilluxe
75ec1914-18b5-43f7-911c-b1a4e52a1988,Deerling,사철록,deerling
3ce01bde-b26f-4a42-b364-c4515fc89ef7,Sawsbuck,바라철록,sawsbuck
c47f0151-aa33-4827-83dc-04f262b770e3,Emolga,에몽가,emolga
538cbbd4-ac5f-4c4c-a047-d2b5c26a15a0,Karrablast,딱정곤,karrablast
772aad54-84b3-4eeb-8c29-f74e54025253,Escavalier,슈바르고,escavalier
8067a39d-f9b3-4ad8-93a9-eb6f90b60376,Foongus,깜놀버슬,foongus
134d6ac3-5338-4230-ad5d-21eb287cad69,Amoonguss,뽀록나,amoonguss
c8bbb907-c002-4e0d-bf07-659b36dc56d9,Frillish,탱그릴,frillish
96304edc-69dc-4473-8722-2a0c811f246b,Jellicent,탱탱겔,jellicent
0cbfc5e3-19ab-4f2a-a169-c22066b79db5,Alomomola,맘복치,alomomola
f8c979a9-3bf9-4ef2-b616-6ada11f9935a,Joltik,파쪼옥,joltik
58eb1be7-20cf-4406-9224-9e31bdc024af,Galvantula,전툴라,galvantula
dcdcb2d7-e0ac-4f95-b662-2e14934120ce,Ferroseed,철시드,ferroseed
da230e29-7fc6-4882-bf32-ac0babf93db3,Ferrothorn,너트령,ferrothorn
3de475ce-9b7b-454c-9365-748354a3cdcb,Klink,기어르,klinklang
03beeeca-9ebb-4776-99f9-d2347593b890,Klang,기기어르,klang
ed18fbae-f6e5-42e3-9ece-1458e74f6c6d,Klinklang,기기기어르,klinklang
672e6362-fa0c-473c-9d9b-d1b2ae82c633,Tynamo,저리어,tynamo
7dad62bc-a124-4971-b0c3-afaca7fc6db4,Eelektrik,저리릴,eelektrik
9dc9c734-802c-4181-903e-1523c92c9672,Eelektross,저리더프,eelektross
521616e9-93b4-475d-b2b8-3a70a4ebc39d,Elgyem,리그레,elgyem
b1837bb8-28ae-43d7-b3e4-bd7fc2b5bf14,Beheeyem,벰크,beheeyem
c38bbe79-35d3-4d21-8ca7-30e08e44ee36,Litwick,불켜미,litwick
dd2f324e-699e-4d68-b940-695da63e445f,Lampent,램프라,lampent
1495214e-2f5f-4674-bde7-9b99a4db7cd6,Chandelure,샹델라,chandelure
50c8aa7b-e4db-4e42-8ee3-610eab5b36f4,Axew,터검니,axew
d4bb758a-41c8-42f9-97a4-6b85e7cebf25,Fraxure,액슨도,fraxure
b0170100-c1e9-4399-8bf9-46775bea2f84,Haxorus,액스라이즈,haxorus
5f3a6a8a-d5b1-45ce-8dd2-fa0daa1d4361,Cubchoo,코고미,cubchoo
f29041d2-bd1e-484f-a100-0b185055e1bc,Beartic,툰베어,beartic
47df55e3-c038-497e-936f-10399884f340,Cryogonal,프리지오,cryogonal
f6ae17b7-8fba-4bef-876a-99dece39135c,Shelmet,쪼마리,shelmet
59eaf253-7f85-45de-8995-91c1aa0f5ac0,Accelgor,어지리더,accelgor
92184675-6280-4c83-adbc-67f54b978565,Stunfisk,메더,stunfisk
52cd5f35-a960-453b-a3ca-9d234ec352d5,Mienfoo,비조푸,mienfoo
ae3f75eb-1773-4570-918c-baeec97cfbb5,Mienshao,비조도,mienshao
782fca6a-4e93-491a-b322-9b8a498e7143,Druddigon,크리만,druddigon
925dcaaf-f593-41e0-ba13-f132981940ed,Golett,골비람,golett
d0ecae09-066d-4bb3-9c32-29cf06e39e95,Golurk,골루그,golurk
ea9aef63-6274-4d63-9ddc-19077e6cc60d,Pawniard,자망칼,pawniard
76f16f8e-44cc-41b3-87a7-3f5ce9e1e542,Bisharp,절각참,bisharp
8526f3bc-2869-400e-9b37-9ab33b5ab2e3,Bouffalant,버프론,bouffalant
299ba92e-20be-4038-ae6c-44a538ffe641,Rufflet,수리둥보,rufflet
7c593cf4-79fb-40b1-bd1a-3e741c7ff02e,Braviary,워글,braviary
79854d98-7ba3-4a66-8b9d-ca89a0eba0ea,Vullaby,벌차이,vullaby
f1016d87-ce34-4f30-8233-0138051dac53,Mandibuzz,버랜지나,mandibuzz
e3adec21-7a3d-4dce-9a7b-e6e6d7bdb972,Heatmor,앤티골,heatmor
a2b89157-cc77-48ab-9b88-b202eed1d687,Durant,아이앤트,durant
8a7fe0d6-0bb1-4425-b46d-96129fe8c8e4,Deino,모노두,deino
b670f55f-4db7-4d88-83cf-2e82f2fe4935,Zweilous,디헤드,zweilous
8a2788f7-acfc-401e-beb1-ec85d94fe7b8,Hydreigon,삼삼드래,hydreigon
d5c35cea-b2a2-4096-b7a7-8e050a0e6638,Larvesta,활화르바,larvesta
5bfad92c-44df-4f1c-9345-adcb56ab9131,Volcarona,불카모스,volcarona
861e3f09-35e0-4d48-b751-cd2fa04a0c82,Cobalion,코바르온,cobalion
71db0b81-a3dd-4ee7-8c23-aad90734a6df,Terrakion,테라키온,terrakion
23467a17-180f-448f-9c41-25692250b587,Virizion,비리디온,virizion
3d2a1d08-727a-4002-a31f-7708dfdc568b,Tornadus,토네로스,tornadus
4faa2549-6d06-42f5-8ae5-79bb3119c6a5,Thundurus,볼트로스,thundurus
18ea2da8-0246-4df8-a288-84ab3da619f7,Reshiram,레시라무,reshiram
e5d20c90-8fc4-42ce-8803-4d6c842210aa,Zekrom,제크로무,zekrom
ed055bed-240b-4bf8-8257-47169eab715d,Landorus,랜드로스,landorus
ac8d2b4a-5446-4143-9ce2-7b04669b0e80,Kyurem,큐레무,kyurem
00f09f4a-b110-407a-a7e5-e6add025996a,Keldeo,케르디오,keldeo
0025ac8a-8cd8-4958-87d3-396abbdbf39b,Meloetta,메로엣타,meloetta
1dad4379-e815-4a10-9ad1-62ba1b926558,Genesect,게노세크트,genesect
41021e3c-489c-4bfe-bc1e-6f7c90c24800,Chespin,도치마론,chespin
e0ce8563-b373-41ee-a99a-d5e7dbdf55fc,Quilladin,도치보구,quilladin
d1ffebdd-ec8f-40b4-83f1-5868e63cf59c,Chesnaught,브리가론,chesnaught
9c264e27-4074-4781-a8ac-1aadcba66aee,Fennekin,푸호꼬,fennekin
327979c3-f81e-4517-a216-40959738454a,Braixen,테르나,braixen
5012f413-1748-4ad1-8eda-2a027d6f152a,Delphox,마폭시,delphox
970cbbc4-27b5-4c02-8438-43820b547a4d,Froakie,개구마르,froakie
447cf981-a715-4aa7-b4e5-e267a10285da,Frogadier,개굴반장,frogadier
2b9c9665-d289-41de-8aa4-56ded1b6c2cb,Greninja,개굴닌자,greninja
b5373f6a-10a4-4f2d-abed-230797e7d226,Bunnelby,파르빗,bunnelby
13a35f55-4722-4934-bf28-b760493fd5c7,Diggersby,파르토,diggersby
c6edafae-4878-471b-b81e-bf7c71df6d62,Fletchling,화살꼬빈,fletchling
818985ac-9736-443c-8ddb-55e738144b7f,Fletchinder,불화살빈,fletchinder
c9fc6b73-e05d-4873-92f4-f32329238be7,Talonflame,파이어로,talonflame
fd95c4fd-6d31-47e3-898b-0499d6aa9220,Scatterbug,분이벌레,scatterbug
45b1de98-e397-4604-9d4d-52107b239fb5,Spewpa,분떠도리,spewpa
0d590b31-5b66-4f53-bb1e-a7b48c3ba43c,Vivillon,비비용,vivillon
d27bfccd-91cb-4785-ab07-db75e890108a,Litleo,레오꼬,litleo
3f260b24-41e4-4559-83dc-18a6dc247996,Pyroar,화염레오,pyroar
fe65a671-12a3-40a9-a8f2-d2be7de8a16a,Flabébé,플라베베,flabébé
a3b5dd5e-4344-4be7-8164-9bf36cf42d2a,Floette,플라엣테,floette
e8b6c847-22b0-45d2-954f-313fa6bd70f5,Florges,플라제스,florges
1823195f-bfe0-437e-9c8c-0871ef167173,Skiddo,메이클,skiddo
6f171bc4-1854-42ae-930e-f246aa5b2cfb,Gogoat,고고트,gogoat
e972c019-7e79-46c4-b865-e39995cf72e1,Pancham,판짱,pancham
8bfb1da1-db47-4d3b-8f25-f0885a7c0c2c,Pangoro,부란다,pangoro
8956d546-99fb-4e35-a3fb-021ff4708f82,Furfrou,트리미앙,furfrou
3c45e5eb-18a0-4651-82c1-60ea8823df90,Espurr,냐스퍼,espurr
8cb3130c-100f-4f8c-8e70-766733cb707d,Meowstic,냐오닉스,meowstic
9c070401-19a4-45c0-8cf2-2a20377287b2,Honedge,단칼빙,honedge
7c0ba8eb-84f9-487f-b172-d1f316a2407c,Doublade,쌍검킬,doublade
f3e11c05-9c71-43c8-92e1-397daccebc19,Aegislash,킬가르도,aegislash
b0fafa0c-8ce5-4419-881c-45e2fca88cd0,Spritzee,슈쁘,spritzee
a35b9aa9-aef8-4b29-ab6f-2be370e101f1,Aromatisse,프레프티르,aromatisse
58f1e698-e85b-4786-be88-85cffa85091d,Swirlix,나룸퍼프,swirlix
21608f1a-1ab1-4c48-99f3-c0cc9192ecdd,Slurpuff,나루림,slurpuff
174eccfa-7c2e-4f16-90be-6bbf777a1e91,Inkay,오케이징,inkay
d3485a74-d5af-4961-a106-f27baaeae8fb,Malamar,칼라마네로,malamar
c4a372e7-3115-4371-8c43-e3dc5b1a9ef8,Binacle,거북손손,binacle
87ed96df-bccf-4fe9-9b23-5a3fb4c22c16,Barbaracle,거북손데스,barbaracle
4d740e5d-2f16-4b00-b401-c7c3275b827d,Skrelp,수레기,skrelp
f3b5342f-5bf4-4b4a-b164-d3eaf92cbd9f,Dragalge,드래캄,dragalge
8dd8c09a-3c99-4cd4-be6a-80d1dfc3b67c,Clauncher,완철포,clauncher
fcbd015c-082a-4fcd-b402-c29f7dee68b9,Clawitzer,블로스터,clawitzer
e755b2a8-a4c9-47ed-b7d4-0099eac668fa,Helioptile,목도리키텔,helioptile
e34a0c32-b9db-465e-9b2e-36a9658bc7e3,Heliolisk,일레도리자드,heliolisk
442ceb95-39a6-402c-9a66-7cbea736e0f5,Tyrunt,티고라스,tyrunt
ecb8278c-dabf-4996-8cfa-383f193dc0e5,Tyrantrum,견고라스,tyrantrum
ffb83938-8e75-4538-b743-4d4527d0d655,Amaura,아마루스,amaura
c41a7b27-0430-49a6-8d8a-2643bbdd9b8e,Aurorus,아마루르가,aurorus
5cecf957-7b48-4043-9e39-7593cdb9fbd2,Sylveon,님피아,sylveon
db3b506d-2c7b-4727-aa4a-b9cc4fcb6d83,Hawlucha,루차불,hawlucha
f5eed229-b4b9-4b80-ad68-bf8b601a6262,Dedenne,데덴네,dedenne
a46c28d7-c3a4-416a-8949-ac03f183c51e,Carbink,멜리시,carbink
24243e80-b402-43f4-9c0d-a9692da7d3ab,Goomy,미끄메라,goomy
446c8131-18ca-4ca4-b665-5bdd1d68a38e,Sliggoo,미끄네일,sliggoo
f27cffa2-27a4-4959-b16d-52e00464adb9,Goodra,미끄래곤,goodra
4ac86b61-1d3c-43df-8eb0-e0e7bba5daeb,Klefki,클레피,klefki
9955b722-1268-4b03-98b9-39f44bf123e6,Phantump,나목령,phantump
b93887db-86a5-4cd5-a272-13e013c5ec21,Trevenant,대로트,trevenant
9814d4d5-1f7f-4610-8dea-1d74304d5eea,Pumpkaboo,호바귀,pumpkaboo
d79d6b7a-38a5-4ab5-a51c-286aeb8c676d,Gourgeist,펌킨인,gourgeist
8a2596f9-881f-4aa8-88bf-8a26ab6f2505,Bergmite,꽁어름,bergmite
af9bd324-1b0d-4b84-8e87-9cd33d67acba,Avalugg,크레베이스,avalugg
e1e1082d-56c1-4498-a6e0-e9bd242d3c9f,Noibat,음뱃,noibat
b327c3b8-893a-4c7b-b727-e33b9af4ff72,Noivern,음번,noivern
b2796180-c25f-4826-8f7e-03bd643958ef,Xerneas,제르네아스,xerneas
4b91ab4e-31a9-4ae1-b2b4-5c4beb3a8675,Yveltal,이벨타르,yveltal
7991cb4f-c7e5-433a-a8b8-86754f60dfab,Zygarde,95,지가르데-50%
d536097c-91ef-4f82-b91d-8b8b71af2159,Diancie,디안시,diancie
6a051178-d966-4d99-bc65-f05a46ca6c4c,Hoopa,70,후파
e26f7ebe-3557-4ba3-8229-3906ba81bc9e,Volcanion,볼케니온,volcanion
5c27c9a2-c77f-4837-bf57-ca2f1dda6e3b,Rowlet,나몰빼미,rowlet
f827a27b-0d4c-4b27-a777-b888b9a50698,Dartrix,빼미스로우,dartrix
09256232-3a06-4fa1-ae77-c71898275545,Decidueye,모크나이퍼,decidueye
fac40ad0-31c4-4751-9743-d78ba5ee3039,Litten,냐오불,litten
8510d922-bb23-43e3-9c68-7094b4a4b5b1,Torracat,냐오히트,torracat
136c9d12-6144-44b6-8bfa-f59e488f2bbc,Incineroar,어흥염,incineroar
a65ec4f4-e35f-4727-bc48-c5078d804e50,Popplio,누리공,popplio
036247b1-81ad-421d-844d-26a515e91670,Brionne,키요공,brionne
d29caca6-87e3-466d-b8d9-efd6e7a744fb,Primarina,누리레느,primarina
b6dda229-8a44-43e6-85cb-13c19ecbee8f,Pikipek,콕코구리,pikipek
b53d4bb1-04af-42d7-bde1-156e9677840f,Trumbeak,크라파,trumbeak
6689af6d-147d-43be-805c-bb26b0f41ce3,Toucannon,왕큰부리,toucannon
f57500b9-6eb9-4b7c-a54a-f45d3c7e51f5,Yungoos,영구스,yungoos
334d47fe-c7ed-40d7-af27-c504e6de061d,Gumshoos,형사구스,gumshoos
a4c26d74-5dbb-410c-8183-2127ddb6d0a2,Grubbin,턱지충이,grubbin
ade2a969-7526-4aa5-9818-71dc7468d3e9,Charjabug,전지충이,charjabug
9a7b51f8-7322-4573-8925-6e5a70de81e3,Vikavolt,투구뿌논,vikavolt
271f12bb-dce7-4f12-bc9a-9e5c349f270c,Crabrawler,오기지게,crabrawler
4c9a0435-5cbd-4d3e-9f32-815c20765881,Crabominable,모단단게,crabominable
db03e5d7-9968-443f-b41d-4fb7efeddb43,Oricorio,춤추새,oricorio
4c6722a9-9977-42cd-a608-4e8a6def8b13,Cutiefly,에블리,cutiefly
bce44cec-b5ab-4f11-a2ff-8b902f716576,Ribombee,에리본,ribombee
7b3222b1-3232-4086-ac10-1b5ca76e882e,Rockruff,암멍이,rockruff
43283182-1110-47dd-80aa-28973fad19ec,Lycanroc,루가루암,lycanroc
572eb464-bf96-49ce-8204-53bac0d24c54,Wishiwashi,약어리,wishiwashi
39ad8cf2-f846-43ee-9b9c-f984a2850f26,Mareanie,시마사리,mareanie
692f6eca-671f-4caf-a5f8-89cb58247b45,Toxapex,더시마사리,toxapex
8e2ec955-18a5-4eca-9dac-ce9196503fd7,Mudbray,머드나기,mudbray
c04fb788-7dd6-48f1-88f9-74aed3f7ffbc,Mudsdale,만마드,mudsdale
2b6c6561-eaf6-4893-9a61-b0df204dd0ca,Dewpider,물거미,dewpider
825991e6-d425-4066-8ab6-773c4be8393d,Araquanid,깨비물거미,araquanid
ff8eb0d0-98ae-40c8-8545-1bf634b96746,Fomantis,짜랑랑,fomantis
81e06adb-92c5-4695-b9af-12693b48dd81,Lurantis,라란티스,lurantis
891184ab-420b-4423-aa8d-6bb39cac8cb5,Morelull,자마슈,morelull
75c6f684-2b5a-48cb-b659-93950262ba20,Shiinotic,마셰이드,shiinotic
0f742c0e-772d-455f-a210-e30c56b748fe,Salandit,야도뇽,salandit
42ec16cf-f124-443f-98d1-fb16f646428a,Salazzle,염뉴트,salazzle
fc46ad84-745e-4c75-9b64-d53575bc7cf3,Stufful,포곰곰,stufful
c405be1d-93da-405b-8d39-c7d5d13c9ca7,Bewear,이븐곰,bewear
feb0e5c7-b320-4810-bf0c-f9891ac94f5a,Bounsweet,달콤아,bounsweet
f9f773db-3c1c-4092-a5a5-85b49c53623e,Steenee,달무리나,steenee
c5dc5f7f-91b0-420d-bb12-2cb9125b5da4,Tsareena,달코퀸,tsareena
538d6cea-32a8-4ee8-b9f3-40c4f5f94426,Comfey,큐아링,comfey
106e335d-00ff-4625-a5f5-a73db1faa7ff,Oranguru,하랑우탄,oranguru
5e6a6edb-5a53-4d25-81ab-fd1c0ebd243a,Passimian,내던숭이,passimian
32cafa01-62af-49ed-95cd-eda943e9f9fc,Wimpod,꼬시레,wimpod
4db5034f-d602-4ec9-bf57-f3e1770ab56f,Golisopod,갑주무사,golisopod
df7d8708-461e-46e5-a281-aa867428daa8,Sandygast,모래꿍,sandygast
2c34ad79-f475-43e8-8230-62f46c916637,Palossand,모래성이당,palossand
67bdac6d-4c06-4ff8-bcf2-8d9007852b3b,Pyukumuku,해무기,pyukumuku
7ed35e06-fe7c-4e28-a372-c4ca4f3431de,Type: Null,타입:널,typenull
f587a890-9fe1-432b-8763-5f8b9dbca6e5,Silvally,실버디,silvally
fe1cd764-5101-4a17-a5a7-cccf029d5381,Minior,60,메테노
7bd5eb9f-009d-4630-a1ff-a4d6e8b11e22,Komala,자말라,komala
69c16da7-72d9-4eee-9fd7-95d05a480e74,Turtonator,폭거북스,turtonator
91fae7c0-5aac-440f-ae32-e00de68e00a3,Togedemaru,토게데마루,togedemaru
82a52c36-8e20-4529-8593-fed62a3a4c39,Mimikyu,따라큐,mimikyu
71615df6-997a-4c8e-b1df-8eac6e17f218,Bruxish,치갈기,bruxish
b21f2527-467d-4ea9-8404-ca461a6501ac,Drampa,할비롱,drampa
3f34eb96-eea8-4690-8f40-f5b72746c902,Dhelmise,타타륜,dhelmise
cfd690e3-b80b-4774-9f88-5b347a01aaa2,Jangmo o,짜랑꼬,jangmoo
c652e5d4-cc1b-4cdd-b3b8-926629ff3808,Hakamo o,짜랑고우,hakamoo
62ba3217-2aa2-4b04-b669-3f30a3bec5e1,Kommo o,짜랑고우거,kommoo
de253331-3347-409a-99e0-adac7854ea77,Tapu Koko,카푸꼬꼬꼭,tapukoko
b1a63aea-0cea-49a0-a6b8-b3b3b7ed66d4,Tapu Lele,카푸나비나,tapulele
2947c175-9546-444b-b00c-df5677abfe68,Tapu Bulu,카푸브루루,tapubulu
1d0c6cd2-c977-48ea-9acd-caace0a83dbe,Tapu Fini,카푸느지느,tapufini
aaf52e1b-8b6f-4287-9ad1-aff2989a0472,Cosmog,코스모그,cosmog
3b9d01e8-27a7-4251-8c69-9bcfd479da31,Cosmoem,코스모움,cosmoem
d8986a37-1904-4e91-9b18-a23c10bfbe6d,Solgaleo,솔가레오,solgaleo
c7d83b48-c5f4-4d81-8f17-cb2a290d0f65,Lunala,루나아라,lunala
36b52907-f067-48db-94f7-75b8b43e5ce1,Nihilego,텅비드,nihilego
fe4f16e0-161b-4df2-bcf0-9e45fa88997d,Buzzwole,매시붕,buzzwole
522f25b2-c73c-4803-bb4d-679b82b4f6ab,Pheromosa,페로코체,pheromosa
477f7bf4-fd53-4ebf-80ef-2add43b614bc,Xurkitree,전수목,xurkitree
2c72af47-c42c-4555-a1e8-c69b96bf89b8,Celesteela,철화구야,celesteela
d0d89918-34d9-4b08-bdfc-62db487f9112,Kartana,종이신도,kartana
6f4878d2-d167-4a09-a56b-404bc12c25ba,Guzzlord,악식킹,guzzlord
91ef9e84-adc3-412b-bb4e-496b4dbf689f,Necrozma,네크로즈마,necrozma
2982f34d-3ffe-4efd-a4ab-af49c9290b8f,Magearna,마기아나,magearna
340a06ce-fdd3-4e88-b730-0519aada3748,Marshadow,마샤도,marshadow
b8f79778-4615-4ed8-9cf5-ed5c3f88c0b1,Poipole,베베놈,poipole
a7aa01ee-6741-4843-8693-3b4c98792a41,Naganadel,아고용,naganadel
9566a203-553f-45ef-bb3b-3874faf87995,Stakataka,차곡차곡,stakataka
bc151e77-30b4-4b7c-8bcf-277c5411ea3c,Blacephalon,두파팡,blacephalon
dc6c9e28-6761-41d9-9df6-10765b505780,Zeraora,제라오라,zeraora
d678ba7a-b22c-4ebd-b30d-3f9ce95815f0,Meltan,멜탄,meltan
4e936a0d-acce-494c-b623-0e1d636161a7,Melmetal,멜메탈,melmetal
da4c97d2-e33e-4978-88bc-c509c474f223,Grookey,흥나숭,grookey
3de7fd2e-adc1-48f6-9b5a-ed6a38ba4ae8,Thwackey,채키몽,thwackey
66fe1935-83fc-4143-859c-dcb39d5612c3,Rillaboom,고릴타,rillaboom
0250c122-d1ec-4e26-b1e6-99c3d2ad25f5,Scorbunny,염버니,scorbunny
ce7a49d2-4f30-447f-a515-966fcdaf7bd8,Raboot,래비풋,raboot
71dc85de-d7b9-4da5-b698-b92dcd08ec63,Cinderace,에이스번,cinderace
a11fc7f0-124d-4a9e-b0ed-e895b588a88f,Sobble,울머기,sobble
7fdf1f2c-ff41-4115-9dc6-6882a3f3a0cb,Drizzile,누겔레온,drizzile
16eb4cec-6e0d-4a3d-a586-1911de286d89,Inteleon,인텔리레온,inteleon
47e4fc7b-7361-4d8e-8285-8d3e9d10ddfc,Skwovet,탐리스,skwovet
d5de1ea5-4140-4efa-acd5-a854be70de29,Greedent,요씽리스,greedent
4f85e5c8-9cdc-468e-a78f-2c94afc27361,Rookidee,파라꼬,rookidee
ba1472bf-a8c8-4a2c-be1d-7e2033c559c7,Corvisquire,파크로우,corvisquire
a06c6dfc-f4d1-46d7-81a2-7579a196c5ad,Corviknight,아머까오,corviknight
c8eaf9f8-20d8-45e1-b451-23cacaf342fb,Blipbug,두루지벌레,blipbug
1963a21b-bca8-4c10-8d00-b168f4b1fc6b,Dottler,레돔벌레,dottler
4f2d35d0-e5be-4e02-b2f4-7fc80ef7b1dc,Orbeetle,이올브,orbeetle
389204fb-7f0d-4fba-ad11-cd0d7c93a9ac,Nickit,훔처우,nickit
2833978c-27c2-490b-98cd-4d3600376623,Thievul,폭슬라이,thievul
a05c9b6c-5cf9-45b9-ac8b-34ce76b63188,Gossifleur,꼬모카,gossifleur
8a9dd9a3-3de6-4095-a0cd-0a6dfa6b46b5,Eldegoss,백솜모카,eldegoss
cdd63575-70a5-4737-8d58-3bd7d493888e,Wooloo,우르,wooloo
1dd3c443-774f-41bf-9087-43eac08b6f14,Dubwool,배우르,dubwool
045a0389-64a5-4521-af45-724684ef9795,Chewtle,깨물부기,chewtle
882df5bc-17c6-4068-b176-53d36d0d3728,Drednaw,갈가부기,drednaw
b2d99844-465b-4a38-81cd-ec935ee34f43,Yamper,멍파치,yamper
ce8515a3-db94-40e9-a5c9-dbe618e72fea,Boltund,펄스멍,boltund
b9bc627a-f189-4247-8ca4-b1d77e3dbc47,Rolycoly,탄동,rolycoly
782dabfa-fd39-41e4-a190-45694822dc13,Carkol,탄차곤,carkol
33938cd4-f745-4063-89c3-5aced79b550a,Coalossal,석탄산,coalossal
b136ef06-7f47-4459-9f97-c611bba7c02d,Applin,과사삭벌레,applin
3c36f837-ef6a-43d6-a72b-c3cccd946c9b,Flapple,애프룡,flapple
451359d5-172b-46b8-ab01-d44a6308fa34,Appletun,단지래플,appletun
aa617f23-d1d8-4925-9912-607aa28f7667,Silicobra,모래뱀,silicobra
380f2732-d802-49c9-bc5d-23464b70b757,Sandaconda,사다이사,sandaconda
1b0d1db7-7a8f-4f31-899b-a10578f0f34d,Cramorant,윽우지,cramorant
adae28f6-5ab4-47b3-b432-0e574d941424,Arrokuda,찌로꼬치,arrokuda
41b6bd93-43cf-4bda-a6e0-19d127c7046a,Barraskewda,꼬치조,barraskewda
4e05a3a1-dd53-4a79-b900-3ba3da5aa08b,Toxel,일레즌,toxel
e17d2342-86cd-4d2b-924d-c0358b2f4a51,Toxtricity,스트린더,toxtricity
e2cb0a92-a220-4972-99d0-c4efd983a042,Sizzlipede,태우지네,sizzlipede
13325e7b-4cc0-4403-9df1-c68ff3818d5b,Centiskorch,다태우지네,centiskorch
0edb31b5-1a42-4964-9bb0-87f933d22120,Clobbopus,때때무노,clobbopus
5e8f981e-0961-485f-bed1-55ae08b50d1a,Grapploct,케오퍼스,grapploct
542d8b13-5486-4b62-8f31-a0d92fa56929,Sinistea,데인차,sinistea
fb0fcdba-af0c-48d9-862d-e724ff10cfd2,Polteageist,포트데스,polteageist
60639942-b91c-4591-8224-eb6a3017d271,Hatenna,몸지브림,hatenna
a4fffb72-9420-4a31-9051-d5ee848e762e,Hattrem,손지브림,hattrem
21e154bb-0d3d-4374-9ed6-85679f0687ab,Hatterene,브리무음,hatterene
3ddad9ef-849b-4e75-8698-e9f27d0f6169,Impidimp,메롱꿍,impidimp
1095f2de-4316-46c9-8e9f-76d493295bd4,Morgrem,쏘겨모,morgrem
44d1528a-58f1-4b55-936f-50dd77f846cd,Grimmsnarl,오롱털,grimmsnarl
2d9dab3d-47e1-4bd7-9682-be703ea2f8dd,Obstagoon,가로막구리,obstagoon
2e95b52c-800e-4b2a-a10d-d8ef0039a186,Perrserker,나이킹,perrserker
3c1f62d9-bc32-463e-bfe7-c9bb8f1c7864,Cursola,산호르곤,cursola
060b2c8d-95f1-45e8-ac72-8509e20f18d9,Sirfetch'd,창파나이트,sirfetchd
7b32648c-1fb4-48b0-8128-9514b407f827,Mr. Rime,마임꽁꽁,mrrime
78927a24-9ee0-4c47-8b03-8bfd6aac0c00,Runerigus,데스판,runerigus
b0768408-bc62-4d12-a029-f8175e57a7c5,Milcery,마빌크,milcery
662d44f5-170a-476c-98ed-dd4851d12ddd,Alcremie,마휘핑,alcremie
c2584ece-103d-4664-b794-86ccc6e1b1f7,Falinks,대여르,falinks
8c988fa2-db25-4d64-84b7-116adb874e9a,Pincurchin,찌르성게,pincurchin
7a3fb3d0-f906-41e1-80a1-2de877ad4fa3,Snom,누니머기,snom
1e5100f2-f5a5-4037-8507-b3450cb16665,Frosmoth,모스노우,frosmoth
04058b4a-1abb-4fb0-9eff-041bf2283570,Stonjourner,돌헨진,stonjourner
0d6895cb-0428-47b2-8554-6fb356c8a24d,Eiscue,빙큐보,eiscue
fe4df09c-ebb9-4061-82bb-e6cdb36b3b3d,Indeedee,에써르,indeedee
06200e2f-9054-4771-b29c-ba959303694a,Morpeko,모르페코,morpeko
55a845e0-5fec-4e97-b196-6b0f7d880791,Cufant,끼리동,cufant
4b0041ae-2e1a-45a8-905d-e5d67dfd4bd2,Copperajah,대왕끼리동,copperajah
89465055-66e6-4656-bbb7-199f71f2a345,Dracozolt,파치래곤,dracozolt
9fa158c3-821e-4a40-8dd5-4b3813a986e2,Arctozolt,파치르돈,arctozolt
50aab228-5d62-41d6-9b68-00e5c8887d41,Dracovish,어래곤,dracovish
ed891fbc-03f9-4e46-8e52-0b9aadeac116,Arctovish,어치르돈,arctovish
c5a3eab7-1ef0-4024-be44-f0453b46f462,Duraludon,두랄루돈,duraludon
ebc04d51-9d1f-4b78-b348-47e23488a761,Dreepy,드라꼰,dreepy
5a02305e-5d41-4edb-96cb-dc4cb8078867,Drakloak,드래런치,drakloak
f1e31abc-a400-4085-88c5-fd73ba06693e,Dragapult,드래펄트,dragapult
5e406929-45c9-4f25-926e-f58243de8631,Zacian,자시안,zacian
a245640d-9583-4b82-9aea-4ce7cd5cd5a2,Zamazenta,자마젠타,zamazenta
2338c6c8-516b-4c93-bbd8-10b12605b303,Eternatus,130,무한다이노
ffb1f352-11ef-4c33-8612-6f03e5317c2c,Kubfu,치고마,kubfu
087fa502-7753-4aef-98c0-029b0ff5892a,Urshifu,우라오스,urshifu
1e3a0380-d81f-4add-a63a-45570d1ef269,Zarude,자루도,zarude
c158b2ce-4ec1-4f7c-99b0-51dc36c33116,Regieleki,레지에레키,regieleki
f22daad0-a37e-46fb-8771-ac9885e5a196,Regidrago,레지드래고,regidrago
6db2c36b-822d-440d-833f-8e3817e926c2,Glastrier,블리자포스,glastrier
31d94108-6b4f-40c6-aab3-7a183fcd3071,Spectrier,레이스포스,spectrier
03b55535-e05a-4c88-a180-d68f9a0253ca,Calyrex,버드렉스,calyrex
7a646c21-4b14-4c12-bef8-37e12390c86b,Calyrex,버드렉스,calyrex
7d218fe2-4757-4765-8c43-918879c63491,Wyrdeer,신비록,wyrdeer
c29b2374-5289-4446-9f6b-55a7a95afe94,Kleavor,사마자르,kleavor
a2e398b6-4f06-4cca-bb01-5177df8ca13c,Ursaluna,다투곰,ursaluna
a1029821-a9f4-4a52-8ac0-fcd76b6a609d,Basculegion,대쓰여너,basculegion
fbec663c-24d8-4dea-995b-092b6f7673d8,Sneasler,포푸니크,sneasler
fe94cd5f-56c5-41e8-a07b-fe42d86a7d8a,Overqwil,장침바루,overqwil
3d3e7f07-1e3c-4113-a32f-005109654579,Enamorus,러브로스,enamorus
0cdd6ccc-949f-4c72-a622-3f7740f711b9,Sprigatito,나오하,sprigatito
1177ba6a-ca06-484c-beee-774e3cece29e,Floragato,나로테,floragato
53ee678c-c0cd-40f8-a57f-8c3d1d598751,Meowscarada,마스카나,meowscarada
f607bdd6-0916-4e40-b7e2-d236566a5973,Fuecoco,뜨아거,fuecoco
66b45dd3-3ab9-4f93-b27f-a1627a8df8ce,Crocalor,악뜨거,crocalor
738e8566-18e7-42d2-88af-823536bfe212,Skeledirge,라우드본,skeledirge
388f9a1b-54af-47d1-82b3-2ff10972cefa,Quaxly,꾸왁스,quaxly
27ec02d8-339f-4f43-9749-2723dd707f8a,Quaxwell,아꾸왁,quaxwell
64cf3c88-e9d2-4f08-a71f-9ba11c3134d5,Quaquaval,웨이니발,quaquaval
139537dc-89bb-469b-ada4-a193195e2bd2,Lechonk,맛보돈,lechonk
017c57e2-d7b9-4699-868b-8a05305de10e,Oinkologne,퍼퓨돈,oinkologne
d6556d42-4691-45f8-a409-29de2f5e192c,Tarountula,타랜툴라,tarountula
2364aad3-6dc8-45d1-b407-f8472b313d80,Spidops,트래피더,spidops
d6bedab7-4e69-4b17-ad32-d4be952dfa47,Nymble,콩알뚜기,nymble
0155f6a0-b040-453d-8b23-0a0c6e758c66,Lokix,엑스레그,lokix
9dc79e10-92bf-447a-a5c0-98f45dabf0cc,Pawmi,빠모,pawmi
e8685c04-9bd1-4fc6-b4f4-c3eafa4824ae,Pawmo,빠모트,pawmo
58e286ea-8b6d-4f4e-8d8e-241aae7e8bfa,Pawmot,빠르모트,pawmot
8468b022-c0b2-4625-930b-007fe56d3c59,Tandemaus,두리쥐,tandemaus
23e25661-c311-4b15-8b4f-accbb78965ac,Maushold,파밀리쥐,maushold
68217d40-0169-4003-b706-cc619209862a,Fidough,쫀도기,fidough
69f467b2-2260-4ac4-ac7d-bbf6adfbe076,Dachsbun,바우첼,dachsbun
09e96177-fb70-42d5-a80b-4d65e3468774,Smoliv,미니브,smoliv
2213eff4-ec55-4a96-a3b0-dcd400bd14d0,Dolliv,올리뇨,dolliv
0941336b-a76b-43a1-8a5f-ad6c30d0ee22,Arboliva,올리르바,arboliva
0d9391fd-d136-44a8-a887-e825e41e3294,Squawkabilly,시비꼬,squawkabilly
d943ed13-1fd1-4259-93d3-c8177bdc8a78,Nacli,베베솔트,nacli
4354fff6-f8da-4397-a1c7-a1658a548913,Naclstack,스태솔트,naclstack
21b97bab-c234-4066-80b5-73f4bf8da439,Garganacl,콜로솔트,garganacl
2742041a-12b0-4bcb-94ec-2759fa7b0551,Charcadet,카르본,charcadet
a917d2bf-8a98-4b9e-8964-c434f0418ea5,Armarouge,카디나르마,armarouge
275e2403-ff1d-4d50-971a-159d947da2ab,Ceruledge,파라블레이즈,ceruledge
18048182-b0c5-4172-87df-54e02e4a1ea1,Tadbulb,빈나두,tadbulb
2adc9e6e-97b7-4b02-a173-9ab5a9ddb2a9,Bellibolt,찌리배리,bellibolt
9faf3708-8596-42a2-aac4-ee1cd5580e5e,Wattrel,찌리비,wattrel
b37a4d34-07d4-4338-a3e8-dd93c72deb94,Kilowattrel,찌리비크,kilowattrel
b59dde27-950f-4b18-9fa7-e22ea86301c4,Maschiff,오라티프,maschiff
5e85ea2b-26b9-4626-8197-2919abd63a7c,Mabosstiff,마피티프,mabosstiff
52e1d163-5a08-4463-aa4c-f810abda83d2,Shroodle,땃쭈르,shroodle
9cdb855f-6338-4e08-b913-c911c419fa80,Grafaiai,태깅구르,grafaiai
04ed597b-3332-4171-832e-3fcf538d5172,Bramblin,그푸리,bramblin
00e9477b-608b-4679-8309-7314a22b4276,Brambleghast,공푸리,brambleghast
7eb44aff-d38f-43e5-aa38-57f54730a660,Toedscool,들눈해,toedscool
916b6df2-51ca-4d95-a5f7-261a0838aa9d,Toedscruel,육파리,toedscruel
b6ac4f30-7ec3-45d6-b742-33fe502b29ec,Klawf,절벼게,klawf
dd98a776-46f7-4fc2-9942-9c039c4b3cd6,Capsakid,캡싸이,capsakid
a901b0a2-b717-4f33-9367-932d960d08a2,Scovillain,스코빌런,scovillain
ea3c30d6-15dd-4adc-9d14-a9bb9fb32cf2,Rellor,구르데,rellor
adf23091-5502-41ed-b30d-d48451269b95,Rabsca,베라카스,rabsca
37390ea7-284c-4196-b9bc-d9792fa44f1e,Flittle,하느라기,flittle
02d673ca-2280-48da-bdb4-e3611ac19893,Espathra,클레스퍼트라,espathra
3c76d1a6-2efc-4a87-aa76-1efd00858c7f,Tinkatink,어리짱,tinkatink
5388387c-51f2-4102-b2e5-0ef3d3dd7f0e,Tinkatuff,벼리짱,tinkatuff
fb400d1d-e5a8-4a60-b65b-8866ccec6e0a,Tinkaton,두드리짱,tinkaton
1bc6b4a4-83c8-4a35-8992-c500ead34b2e,Wiglett,바다그다,wiglett
b477edc5-8a3c-439c-83f9-953e87ce479a,Wugtrio,바닥트리오,wugtrio
cd661db6-4de0-4aee-b42e-64094545bd70,Bombirdier,떨구새,bombirdier
40f8fa45-34ad-43c4-8a18-668f1b5d4c6f,Finizen,맨돌핀,finizen
c894f230-b45b-4672-a301-a646fa6dcf59,Palafin,100,돌핀맨
dec56737-26e2-4e7e-afb4-3ec0fd24f99e,Varoom,부르롱,varoom
28d69603-2172-492a-b74f-3dd1c88d104b,Revavroom,부르르룸,revavroom
cd0955ba-081a-42f6-85a0-76a48e9819d9,Cyclizar,모토마,cyclizar
c58bd84c-96ae-4165-9ed5-7cb14781503e,Orthworm,꿈트렁,orthworm
9591aaa4-2e1c-4ad2-8d47-c0792197337a,Glimmet,초롱순,glimmet
f26fd985-b732-4942-8143-1b4c8328f9c3,Glimmora,킬라플로르,glimmora
f0899e00-29b5-4e36-b34a-ea2538c6b401,Greavard,망망이,greavard
209489b8-02d7-4d6d-aa39-3678da47ba31,Houndstone,묘두기,houndstone
3d25cbe5-22aa-429c-84df-51a0fc2fe90a,Flamigo,꼬이밍고,flamigo
fad3ff34-f53a-4418-b86a-815cfc8eac3c,Cetoddle,터벅고래,cetoddle
a83056df-6df6-4c30-a479-25484ceebada,Cetitan,우락고래,cetitan
5e6bed41-f073-40e5-a64d-52e7ea1ab0c4,Veluza,가비루사,veluza
417fe205-be45-41a7-afe0-be75cf7969e7,Dondozo,어써러셔,dondozo
2cd6920c-8003-4254-87d6-6f7369a668ae,Tatsugiri,싸리용,tatsugiri
29675635-407f-4322-bf96-b92b9b60167b,Annihilape,저승갓숭,annihilape
216af67d-1967-4e5c-8a08-5a7b5e4edf49,Clodsire,토오,clodsire
826ae282-b31a-4d2a-a258-d3528a5667c1,Farigiraf,키키링,farigiraf
df308a6f-3fd8-4bf0-bf4f-fca9a0742a4b,Dudunsparce,노고고치,dudunsparce
54b7faed-0b40-484f-98ba-b9ecab783032,Kingambit,대도각참,kingambit
7861ba69-a322-4e90-a693-d31692fcc7f9,Great Tusk,위대한엄니,greattusk
46551cbf-e390-4bfa-9124-57902930eb64,Scream Tail,우렁찬꼬리,screamtail
e59295b0-3a05-439e-aa0c-4b5b3f423b96,Brute Bonnet,사나운버섯,brutebonnet
d05a6ea1-0652-4a31-9327-dc84251be806,Flutter Mane,날개치는머리,fluttermane
68f2cb54-f271-471d-b580-c5aaf524fe9a,Slither Wing,땅을기는날개,slitherwing
7635e052-08d7-407a-9426-6a07d8ea63b0,Sandy Shocks,모래털가죽,sandyshocks
fc3bacfe-2f20-46ec-8782-0099b724f9b1,Iron Treads,무쇠바퀴,irontreads
a207a7bf-5fff-414b-ad82-7f30974900b0,Iron Bundle,무쇠보따리,ironbundle
1e3d7b4f-0132-45a2-8df6-f90edf7ca860,Iron Hands,무쇠손,ironhands
5d6f9c80-99c5-4314-85d6-bc9462caa428,Iron Jugulis,무쇠머리,ironjugulis
2bd6b66c-7407-414b-a46d-7d4a4000d4f5,Iron Moth,무쇠독나방,ironmoth
13019a6d-f5e0-41af-a905-ba4efb116c22,Iron Thorns,무쇠가시,ironthorns
12f13c14-234b-4553-acbb-6818b48e2939,Frigibax,드니차,frigibax
3c12ac59-2bb0-41e8-8605-fe643b275918,Arctibax,드니꽁,arctibax
9645c90b-10e4-4eec-bdac-ce9a7fabb728,Baxcalibur,드닐레이브,baxcalibur
9e665312-0b20-4cc2-af43-af339d40126d,Gimmighoul,모으령,gimmighoul
47071777-405f-405a-a95d-cc88f239a27d,Gholdengo,타부자고,gholdengo
2436f247-4d84-444e-b038-e046c4b827c5,Wo Chien,총지엔,wochien
c091492a-706b-4708-92ba-894bf4d3d480,Chien Pao,파오젠,chienpao
5353ba86-bc50-44b3-ae68-583418570fb1,Ting Lu,딩루,tinglu
32445b7e-191c-4b02-bcda-b93e8aca0674,Chi Yu,위유이,chiyu
ffc92115-b248-49c6-bc20-5bab4e9202f9,Roaring Moon,고동치는달,roaringmoon
f733e5ff-e934-47ff-bec7-741ce2f3ba97,Iron Valiant,무쇠무인,ironvaliant
18b1ba8f-e529-496a-8c64-23d0b7dd5c75,Koraidon,코라이돈,koraidon
2eda992e-3849-40fa-90f1-8e45edabb3fd,Miraidon,미라이돈,miraidon
d33fd795-32c4-45ff-b4f2-59bfd0c00820,Walking Wake,굽이치는물결,walkingwake
d108a198-d95d-46a0-9696-107aed64945c,Iron Leaves,무쇠잎새,ironleaves
